Format,AiM CSV File,,,,,,,,,,,,,,,,
Session,F.Corta Var6,,,,,,,,,,,,,,,,
Vehicle,Kosmic Rotax Junior,,,,,,,,,,,,,,,,
Racer,CS,,,,,,,,,,,,,,,,
Championship,RMC,,,,,,,,,,,,,,,,
Comment,,,,,,,,,,,,,,,,,
Date,"Sunday, December 15, 2024",,,,,,,,,,,,,,,,
Time,1:34 PM,,,,,,,,,,,,,,,,
Sample Rate,20,,,,,,,,,,,,,,,,
Duration,535.996,,,,,,,,,,,,,,,,
Segment,Session,,,,,,,,,,,,,,,,
Beacon Markers,62.774,117.713,171.05,224.169,276.63,329.063,381.672,434.819,489.525,535.996,,,,,,,
Segment Times,01:02.8,00:54.9,00:53.3,00:53.1,00:52.5,00:52.4,00:52.6,00:53.1,00:54.7,00:46.5,,,,,,,
,,,,,,,,,,,,,,,,,
Time,GPS Speed,GPS Nsat,GPS LatAcc,GPS LonAcc,GPS Slope,GPS Heading,GPS Gyro,GPS Altitude,GPS PosAccuracy,GPS SpdAccuracy,GPS Radius,GPS Latitude,GPS Longitude,Engine RPM,Water Temp,Exhaust Temp,GPS G Sum
s,km/h, ,g,g,deg,deg,deg/s,m,mm,km/h,m,deg,deg,rpm,C,C,g
,,,,,,,,,,,,,,,,,
0,49.0581,13,0,0,1.2006,93.5054,0,157.4193,1630,0.612,10000,45.51675493,10.00522881,6121,8,0,0
0.05,49.0581,13,0,0,1.2006,93.5054,0,157.4193,1630,0.612,10000,45.51675493,10.00522881,6119.5,8,0,0.0922
0.1,49.0476,13,0.0441,-0.0039,1.2019,93.7382,1.8197,157.4331,1628.3333,0.594,428.9723,45.51675463,10.00523233,6113.2002,8,0,0.1257
0.15,49.0216,13,0.1544,-0.0136,1.2052,94.3203,6.3691,157.4677,1624.1666,0.549,122.4984,45.51675389,10.00524114,6095.7002,8,0,0.0948
0.2,48.9955,13,0.2647,-0.0233,1.2085,94.9024,10.9184,157.5022,1620,0.504,71.4194,45.51675314,10.00524994,6001.3999,8,0,0.1205
0.25,48.3977,13,0.2135,-0.1479,1.2347,95.1568,8.8117,157.5148,1615.8333,0.504,87.4147,45.51675249,10.0052583,5929.2334,8,0,0.2104
0.3,47.7998,13,0.1623,-0.2725,1.261,95.4112,6.705,157.5273,1611.6667,0.504,113.4617,45.51675184,10.00526667,5853.3999,8,0,0.302
0.35,47.0666,13,0.1614,-0.3385,1.2775,95.7804,6.7416,157.5388,1606.25,0.504,111.1135,45.51675109,10.00527484,5758.7998,8,0,0.3683
0.4,46.2432,13,0.194,-0.3656,1.2875,96.2261,8.2073,157.5497,1600,0.504,89.6747,45.51675027,10.00528288,5660.3335,8,0,0.4191
0.45,45.7615,13,0.2305,-0.3608,1.2566,96.8502,9.9057,157.5585,1595.8333,0.489,73.5249,45.51674928,10.00529086,5631.1665,8,0,0.4176
0.5,45.2798,13,0.267,-0.356,1.2258,97.4744,11.6042,157.5673,1591.6667,0.474,62.1027,45.51674829,10.00529885,5605.6416,8,0,0.4211
0.55,44.6585,13,0.2987,-0.345,1.2356,98.1915,13.1433,157.5891,1586.2499,0.468,54.0781,45.5167472,10.00530671,5532.9668,8,0,0.4428
0.6,43.9442,13,0.3272,-0.3298,1.2725,98.9707,14.5761,157.6197,1580,0.468,47.9822,45.51674603,10.0053145,5473.3228,8,0,0.4749
0.65,43.3551,13,0.3554,-0.3238,1.2616,99.7697,16.0707,157.618,1575.8333,0.468,42.9363,45.51674471,10.005322,5446.2002,8,0,0.4896
0.7,42.766,13,0.3837,-0.3179,1.2507,100.5686,17.5654,157.6162,1571.6667,0.468,38.7491,45.51674339,10.00532951,5302.8667,8,0,0.5083
0.75,42.2849,13,0.4135,-0.2993,1.2347,101.6779,19.184,157.6258,1567.5,0.468,35.0805,45.51674193,10.00533692,5273.0498,8,0,0.5167
0.8,41.8758,13,0.4443,-0.2723,1.2154,102.994,20.8854,157.643,1563.3334,0.468,31.911,45.51674038,10.00534425,5242.2998,8.065,0,0.5176
0.85,41.4641,13,0.4687,-0.2485,1.2066,104.3049,22.2814,157.6652,1558.75,0.468,29.6176,45.51673881,10.00535153,5198.5498,8.1,0,0.5194
0.9,41.0421,13,0.4672,-0.2372,1.2398,105.5948,22.4562,157.707,1552.5,0.468,29.088,45.51673714,10.00535864,5167.5835,8.1317,0,0.5202
0.95,40.6515,13,0.4779,-0.225,1.2697,106.5601,23.2353,157.7456,1547.5,0.477,27.8451,45.51673541,10.00536561,5153.6001,8.2,0,0.5265
1,40.2819,13,0.4968,-0.2122,1.2976,107.3089,24.4173,157.7822,1543.3333,0.492,26.2562,45.51673363,10.00537249,5056.9331,8.2,0,0.5367
1.05,39.8862,14,0.5137,-0.199,1.3239,108.2648,25.5021,157.8177,1538.7501,0.504,24.8924,45.51673181,10.00537929,5014.1665,8.1183,0,0.5493
1.1,39.3863,14,0.523,-0.1844,1.3436,110.0493,26.1978,157.8492,1532.5,0.504,23.9277,45.51672984,10.0053858,4945.8501,8.165,0,0.5694
1.15,39.0949,14,0.5271,-0.1688,1.3374,111.7625,26.6439,157.8748,1527.5,0.504,23.353,45.51672768,10.00539216,4878.7168,8.2,0,0.5729
1.2,38.9424,14,0.5279,-0.1524,1.3139,113.4281,26.9236,157.8965,1523.3333,0.504,23.0202,45.51672539,10.00539843,4840.3667,8.2,0,0.5652
1.25,38.7768,14,0.5334,-0.1356,1.2852,114.926,27.4391,157.9176,1518.75,0.504,22.4917,45.5167231,10.00540467,4836.4502,8.2,0,0.5622
1.3,38.5591,14,0.5576,-0.1171,1.2353,115.7529,28.8973,157.9365,1512.5,0.504,21.2368,45.51672076,10.0054108,4822.2832,8.2,0,0.5758
1.35,38.3439,14,0.5739,-0.1026,1.1842,117.1291,29.9352,157.9511,1507.5001,0.504,20.3861,45.51671828,10.00541677,4786.0669,8.2,0,0.5819
1.4,38.1304,14,0.585,-0.0909,1.1323,118.8716,30.693,157.9628,1503.3333,0.504,19.772,45.51671571,10.00542263,4827.3999,8.2,0,0.583
1.45,37.9111,14,0.5943,-0.0799,1.0904,120.618,31.3516,157.9775,1500,0.504,19.2454,45.51671308,10.00542842,4826.4502,8.2,0,0.5832
1.5,37.6687,14,0.5965,-0.0715,1.0884,122.3801,31.6132,158.0038,1500,0.504,18.9641,45.51671019,10.00543395,4799.5332,8.2,0,0.5787
1.55,37.5741,14,0.6115,-0.0617,1.082,123.9829,32.5612,158.033,1497.4999,0.504,18.3657,45.51670719,10.00543941,4807.7002,8.2,0,0.5896
1.6,37.5781,14,0.635,-0.0511,1.0727,125.4797,33.9668,158.0641,1493.3333,0.504,17.6076,45.51670412,10.00544482,4822.7002,8.2,0,0.6109
1.65,37.5574,14,0.6568,-0.0393,1.0556,127.0554,35.271,158.095,1489.1666,0.504,16.9472,45.516701,10.00545015,4802.7778,8.2,0,0.6338
1.7,37.4379,14,0.6715,-0.0231,1.0069,128.9465,36.1698,158.1248,1485,0.504,16.4735,45.51669762,10.00545513,4797,8.2,0,0.6636
1.75,37.3184,14,0.6862,-0.0068,0.9581,130.8377,37.0686,158.1547,1480.8333,0.504,16.0227,45.51669424,10.00546011,4799.1665,8.2,0,0.694
1.8,37.2698,14,0.6751,0.0128,0.9219,133.107,36.5582,158.1855,1475,0.504,16.2253,45.51669058,10.00546482,4808.1333,8.2,0,0.6972
1.85,37.2748,14,0.6654,0.0341,0.8953,135.2856,36.1029,158.2209,1469.1666,0.504,16.4321,45.51668682,10.00546941,4823.4263,8.2,0,0.697
1.9,37.4225,14,0.6871,0.0594,0.8944,136.7231,37.277,158.2745,1465,0.504,15.9776,45.51668296,10.00547377,4810.3115,8.2,0,0.7094
1.95,37.5703,14,0.7087,0.0847,0.8936,138.1606,38.4511,158.328,1460.8333,0.504,15.5509,45.5166791,10.00547814,4853.2373,8.2,0,0.7224
2,37.7866,14,0.6932,0.0976,0.9821,140.3334,37.5289,158.4007,1455,0.504,16.0248,45.516675,10.00548216,4895.2002,8.2,0,0.7132
2.05,38.0016,14,0.671,0.107,1.0635,142.5669,36.2208,158.4689,1449.1667,0.504,16.698,45.51667082,10.00548602,4911.8335,8.2,0,0.6953
2.1,38.1431,14,0.6594,0.115,1.0269,144.3083,35.4653,158.5004,1445.0001,0.504,17.1172,45.51666657,10.00548965,4922.8667,8.2,0,0.664
2.15,38.2845,14,0.6478,0.1231,0.9904,146.0497,34.7098,158.5319,1440.8333,0.504,17.5546,45.51666232,10.00549328,4965.2002,8.2,0,0.6329
2.2,38.3624,14,0.6421,0.1352,1.0015,147.1703,34.2527,158.5793,1434.9999,0.504,17.8251,45.51665802,10.00549683,5000.2002,8.2,0,0.6364
2.25,38.4895,14,0.6381,0.1494,1.0131,148.3714,33.8771,158.6266,1429.1667,0.504,18.0824,45.51665363,10.00550026,4978.4668,8.2,0,0.647
2.3,38.8773,14,0.635,0.1675,0.9784,150.5152,33.5295,158.6581,1425,0.504,18.4539,45.51664901,10.00550328,4932.6001,8.2,0,0.6518
2.35,39.265,14,0.632,0.1857,0.9438,152.659,33.1819,158.6896,1420.8333,0.504,18.8332,45.51664439,10.0055063,4901.7998,8.2,0,0.6575
2.4,39.6507,14,0.6271,0.1917,0.9401,154.0753,32.6974,158.7352,1416.6666,0.516,19.3,45.5166396,10.00550932,4928.3335,8.2,0,0.662
2.45,40.0357,14,0.6218,0.1948,0.9441,155.3098,32.1787,158.7844,1412.5,0.531,19.8015,45.51663476,10.00551232,5024.3477,8.2,0,0.6663
2.5,40.3776,14,0.6115,0.1874,0.9114,156.8721,31.402,158.8179,1407.5,0.54,20.4646,45.51662983,10.00551513,5060.5796,8.2,0,0.6492
2.55,40.6548,14,0.5938,0.1645,0.8233,158.9259,30.2384,158.8278,1401.25,0.54,21.398,45.51662476,10.00551761,5070,8.2,0,0.6003
2.6,40.7057,14,0.5518,0.1504,0.8168,160.2664,27.9296,158.8773,1400,0.528,23.1959,45.51661963,10.0055199,5118.7744,8.2,0,0.5542
2.65,40.7,14,0.5036,0.1385,0.8308,161.4286,25.3344,158.9368,1400,0.513,25.5684,45.51661449,10.00552213,5234.5,8.2,0,0.5086
2.7,40.7196,14,0.4727,0.1345,0.8509,162.1847,23.6232,158.9954,1397.5,0.513,27.4337,45.51660936,10.0055244,5397.3335,8.2,0,0.4768
2.75,40.7772,14,0.4677,0.1422,0.8803,162.3318,23.2379,159.0527,1391.25,0.5355,27.928,45.51660426,10.00552673,5450.6665,8.2,0,0.4659
2.8,41.3931,14,0.4842,0.1435,0.8808,163.7026,23.9096,159.0943,1386.6667,0.528,27.5534,45.51659881,10.00552865,5533.25,8.2,0,0.505
2.85,42.1485,14,0.506,0.1432,0.8739,165.3795,24.8455,159.1318,1382.5001,0.513,26.9994,45.51659328,10.00553047,5612.0835,8.2,0,0.5567
2.9,42.5728,14,0.522,0.1346,0.8826,167.0367,25.4948,159.1706,1378.3333,0.51,26.5767,45.51658776,10.00553205,5683.75,8.2,0,0.5857
2.95,42.5004,14,0.5292,0.1136,0.9146,168.6647,25.714,159.2113,1374.1666,0.525,26.3053,45.51658225,10.00553327,5825.5,8.2,0,0.5811
3,42.4279,14,0.5364,0.0927,0.9465,170.2926,25.9332,159.252,1370,0.54,26.0385,45.51657674,10.0055345,6125.5,8.2,0,0.5779
3.05,42.1962,13,0.5093,0.0748,0.9527,171.4822,24.5226,159.2949,1370,0.5175,27.3859,45.51657137,10.00553534,6290.5,8.2,0,0.5202
3.1,42.1014,13,0.4703,0.057,0.9655,172.3569,22.5725,159.343,1368.3333,0.504,29.685,45.51656597,10.00553622,5959.75,8.2,0,0.4684
3.15,42.2123,13,0.4136,0.0396,0.9882,172.7594,19.8133,159.3988,1364.1666,0.504,33.908,45.51656054,10.00553716,5605.4165,8.2,0,0.4242
3.2,42.3231,13,0.357,0.0222,1.0109,173.1618,17.054,159.4546,1360,0.504,39.4976,45.51655511,10.0055381,5295.8335,8.2,0,0.3804
3.25,42.3571,14,0.4023,-0.0076,0.987,173.7065,19.206,159.4966,1360,0.504,35.1003,45.51654967,10.00553885,5009.5,8.2,0,0.3879
3.3,42.4663,14,0.4421,-0.0287,0.9546,174.7743,21.1105,159.5421,1358.3333,0.51,32.0159,45.51654414,10.00553934,4734.8335,8.2,0,0.4188
3.35,42.6885,14,0.4734,-0.0366,0.9097,176.6267,22.644,159.5927,1354.1666,0.525,30.0039,45.51653849,10.00553943,4733.1665,8.2,0,0.4844
3.4,42.9107,14,0.5048,-0.0445,0.8647,178.4791,24.1776,159.6432,1350,0.54,28.2471,45.51653283,10.00553953,4715.75,8.2,0,0.5509
3.45,41.6362,14,0.5113,-0.0562,0.8489,-44.205,24.5514,159.6765,1350,0.6075,26.9907,45.5165278,10.0055389,4705.3335,8.2,0,0.5457
3.5,40.9746,14,0.5079,-0.0844,0.8496,-177.8266,24.4507,159.7219,1348.3334,0.636,26.6712,45.51652255,10.0055385,4767,8.2,0,0.5355
3.55,41.2325,14,0.4896,-0.1374,0.8752,-177.8546,23.6383,159.7858,1344.1666,0.606,27.7615,45.51651699,10.00553843,4882.25,8.2,0,0.52
3.6,41.4905,14,0.4714,-0.1905,0.9008,-177.8826,22.8259,159.8496,1340,0.576,28.9295,45.51651143,10.00553836,4963.4126,8.2,0,0.5104
3.65,40.6025,13,0.4388,-0.2293,0.8779,-176.7324,21.408,159.8651,1333.75,0.5535,30.1853,45.51650631,10.00553775,5047.5396,8.2,0,0.5005
3.7,39.8436,13,0.4268,-0.2475,0.8539,-175.4274,21.0383,159.8904,1330,0.54,30.1418,45.51650125,10.00553698,5017.6001,8.2,0,0.4967
3.75,39.2783,13,0.4456,-0.2349,0.8281,-173.8901,22.2407,159.9304,1330,0.54,28.1077,45.51649628,10.00553597,4994.2002,8.2,0,0.4995
3.8,38.713,13,0.4644,-0.2223,0.8023,-172.3528,23.4431,159.9704,1330,0.54,26.2822,45.51649132,10.00553496,5009.0669,8.2,0,0.5028
3.85,38.6118,13,0.5421,-0.1971,0.769,-170.7335,27.7268,160.014,1325.8333,0.555,22.1637,45.51648637,10.00553341,5024,8.2,0,0.5537
3.9,38.5107,13,0.6197,-0.172,0.7357,-169.1142,32.0105,160.0577,1321.6667,0.57,19.1474,45.51648142,10.00553186,4952.6665,8.2,0,0.6094
3.95,38.4121,13,0.6735,-0.143,0.7078,-167.4805,35.0768,160.104,1316.25,0.5895,17.4289,45.51647648,10.00553013,4969.3335,8.2,0,0.6861
4,38.3153,13,0.7115,-0.1115,0.6835,-165.8373,37.3315,160.1521,1309.9999,0.612,16.3349,45.51647155,10.00552828,4969.2002,8.2,0,0.7756
4.05,37.959,13,0.7008,-0.0849,0.671,-163.7326,37.0059,160.2119,1305.8333,0.612,16.3254,45.51646688,10.00552594,4938.1333,8.2533,0,0.7313
4.1,37.6026,13,0.6901,-0.0582,0.6586,-161.6279,36.6803,160.2717,1301.6666,0.612,16.3157,45.51646221,10.0055236,4911.6333,8.2633,0,0.6883
4.15,37.4341,13,0.6721,-0.0435,0.6492,-159.7063,35.8961,160.3356,1300,0.612,16.5974,45.51645757,10.00552103,4897.3999,8.2,0,0.675
4.2,37.3907,13,0.6492,-0.0369,0.6417,-157.9068,34.8063,160.4021,1300,0.612,17.0973,45.51645295,10.00551831,4841.1001,8.2033,0,0.6812
4.25,37.4426,13,0.6676,0.0022,0.6103,-156.5108,35.9031,160.4501,1295.8333,0.612,16.5979,45.51644839,10.00551536,4793.6001,8.2867,0,0.6768
4.3,37.4945,13,0.6859,0.0414,0.5789,-155.1149,36.9999,160.498,1291.6666,0.612,16.1282,45.51644383,10.00551241,4797.8999,8.3,0,0.6736
4.35,37.716,13,0.6826,0.0757,0.5273,-153.1356,36.8334,160.5339,1287.5,0.612,16.2969,45.51643938,10.00550895,4819,8.3,0,0.668
4.4,38.0507,13,0.6649,0.1069,0.4623,-150.7675,35.8246,160.5618,1283.3333,0.612,16.9045,45.51643501,10.00550514,4842.8999,8.3367,0,0.6614
4.45,38.3229,13,0.6541,0.1283,0.4123,-148.6667,35.1675,160.5964,1280,0.612,17.3435,45.51643067,10.00550136,4877.0435,8.3826,0,0.6583
4.5,38.345,13,0.6713,0.1101,0.4221,-147.6357,35.9174,160.6581,1280,0.612,16.9912,45.5164265,10.00549767,4948.0581,8.3101,0,0.6635
4.55,38.3883,13,0.6899,0.0848,0.4027,-145.9814,36.7597,160.6967,1277.5,0.621,16.6206,45.51642242,10.00549363,4990.25,8.3,0,0.6832
4.6,38.4456,13,0.7093,0.0549,0.3637,-143.9117,37.6638,160.7201,1273.3333,0.636,16.2459,45.51641841,10.00548936,5003,8.3,0,0.7144
4.65,38.4196,13,0.7277,0.0265,0.3221,-141.7943,38.5297,160.7408,1270,0.657,15.87,45.5164145,10.00548505,5008.4761,8.3365,0,0.7445
4.7,38.06,13,0.7419,0.0042,0.27,-139.4863,39.2424,160.7506,1270,0.702,15.4359,45.51641104,10.0054806,5019.3335,8.4,0,0.7596
4.75,37.946,13,0.7598,0.0051,0.2423,-137.4397,40.2201,160.7816,1267.5,0.711,15.0156,45.51640761,10.00547594,5026,8.4,0,0.7803
4.8,37.9957,13,0.7802,0.0215,0.231,-135.5674,41.3744,160.8267,1263.3333,0.696,14.6158,45.5164042,10.00547114,5056,8.4,0,0.8047
4.85,38.1168,13,0.7999,0.045,0.2317,-133.5735,42.4863,160.8741,1260,0.6885,14.2787,45.51640083,10.00546618,5022.6665,8.4,0,0.8241
4.9,38.5233,13,0.8171,0.097,0.2807,-131.093,43.4288,160.9305,1260,0.711,14.1177,45.51639758,10.00546055,5019,8.4,0,0.8234
4.95,38.7308,13,0.7964,0.1202,0.2861,-128.8574,42.2627,160.9695,1260,0.72,14.5854,45.51639466,10.00545487,5040.3335,8.4,0,0.7989
5,38.8057,13,0.7505,0.1244,0.2625,-126.7851,39.6908,160.9968,1260,0.72,15.5606,45.51639195,10.00544914,5058.3335,8.4,0,0.7587
5.05,38.9305,13,0.6985,0.1224,0.2534,-124.8711,36.8032,161.0237,1258.75,0.72,16.8354,45.51638926,10.00544334,5095,8.4,0,0.7111
5.1,39.2548,13,0.6227,0.0961,0.3024,-123.5906,32.653,161.0489,1252.5001,0.72,19.1333,45.51638671,10.00543723,5121.6665,8.4,0,0.6309
5.15,39.2057,12,0.5482,0.0649,0.3344,-122.5217,28.6341,161.0673,1250,0.702,21.7915,45.51638429,10.00543125,5169,8.4,0,0.5512
5.2,38.9076,12,0.4745,0.0306,0.3549,-121.5937,24.7027,161.0811,1250,0.672,25.0675,45.51638197,10.00542534,5187.5,8.4,0,0.4727
5.25,38.6811,13,0.4033,-0.0021,0.3681,-120.7276,20.9235,161.0965,1250,0.642,29.4228,45.51637966,10.00541942,5158,8.4,0,0.399
5.3,38.7409,13,0.3422,-0.0277,0.352,-120.1089,17.7533,161.1186,1250,0.612,34.7304,45.51637737,10.00541346,5105.5,8.4,0,0.3367
5.35,38.8006,13,0.2812,-0.0533,0.3358,-119.4903,14.5831,161.1407,1250,0.582,42.3456,45.51637508,10.00540749,5113,8.4,0,0.2789
5.4,38.7806,13,0.2157,-0.0748,0.327,-118.5214,11.1993,161.1391,1250,0.576,55.1118,45.51637307,10.00540128,5048.9375,8.4,0,0.2279
5.45,38.661,13,0.171,-0.0879,0.3211,-117.6862,8.9119,161.1336,1249.1666,0.567,69.0432,45.5163711,10.00539509,4958.3569,8.4,0,0.1954
5.5,38.2229,13,0.2141,-0.0718,0.3198,-117.7358,11.2243,161.1355,1245,0.522,54.1984,45.516369,10.00538919,4918,8.4,0,0.2274
5.55,37.7848,13,0.2572,-0.0558,0.3185,-117.7854,13.5366,161.1375,1240.8333,0.477,44.4251,45.51636689,10.00538329,4920,8.4,0,0.2625
5.6,37.9831,13,0.3758,-0.0288,0.2729,-117.1756,19.8634,161.136,1240,0.486,30.4338,45.51636488,10.00537715,4922.0327,8.4,0,0.3757
5.65,38.3023,14,0.5117,0.0056,0.2066,-115.8838,27.1009,161.1323,1240,0.507,22.4937,45.51636314,10.00537077,4912.1968,8.4,0,0.5142
5.7,38.4684,14,0.6407,0.0586,0.1023,-112.5232,33.966,161.1233,1240,0.522,18.0252,45.51636237,10.00536372,4929.1499,8.4,0,0.665
5.75,38.6345,14,0.7697,0.1115,-0.0019,-109.1626,40.8312,161.1143,1240,0.537,15.0593,45.51636159,10.00535666,4980.4502,8.4,0,0.817
5.8,38.918,14,0.8566,0.1807,-0.0608,-106.409,45.4037,161.1257,1235,0.522,13.6421,45.516361,10.00534963,5060.1333,8.4,0,0.8975
5.85,39.2656,14,0.9161,0.2483,-0.1056,-103.9802,48.4352,161.1472,1230,0.504,12.9024,45.51636044,10.00534253,5178.4834,8.4,0,0.9497
5.9,39.7515,14,0.9077,0.2932,-0.1396,-102.2436,47.5955,161.1887,1230,0.504,13.2925,45.51635984,10.00533516,5321,8.4,0,0.9444
5.95,40.2374,14,0.8993,0.338,-0.1736,-100.5071,46.7558,161.2301,1230,0.504,13.6967,45.51635925,10.00532778,5387.6665,8.4,0,0.9403
6,40.7209,13,0.8207,0.3247,-0.2335,-98.7393,42.2161,161.252,1230,0.486,15.3518,45.51635901,10.00532035,5338.3667,8.4,0,0.8808
6.05,41.1971,14,0.7298,0.302,-0.2928,-96.9749,37.0607,161.2709,1229.1666,0.471,17.6919,45.5163589,10.00531286,5275,8.4,0,0.8064
6.1,41.6464,14,0.6599,0.2998,-0.3239,-95.2557,33.1423,161.2977,1225,0.486,19.9993,45.51635897,10.0053052,5243.1333,8.4,0,0.7261
6.15,42.0957,14,0.5899,0.2976,-0.3549,-93.5366,29.224,161.3246,1220.8333,0.501,22.9254,45.51635905,10.00529754,5295.6831,8.4,0,0.6468
6.2,42.6578,14,0.5584,0.3004,-0.3526,-92.4109,27.2993,161.3724,1220,0.486,24.8695,45.51635912,10.00528971,5436.6001,8.4,0,0.6269
6.25,43.2358,14,0.543,0.3022,-0.3379,-91.3987,26.1988,161.4278,1219.1666,0.468,26.2652,45.51635923,10.00528181,5539.9331,8.4,0,0.6234
6.3,43.7638,14,0.5536,0.2947,-0.3069,-90.2463,26.4018,161.4928,1215,0.468,26.3817,45.5163595,10.0052738,5638.3667,8.4817,0,0.6249
6.35,44.2919,14,0.5642,0.2873,-0.2759,-89.0939,26.6047,161.5578,1210.8333,0.468,26.4964,45.51635976,10.00526578,5705.5,8.565,0,0.6268
6.4,44.6878,14,0.5473,0.2778,-0.2815,-87.576,25.537,161.5979,1210,0.468,27.8509,45.51636054,10.00525764,5696.6499,8.6,0,0.6146
6.45,45.0506,14,0.5235,0.2677,-0.2962,-85.9666,24.1517,161.6318,1210,0.468,29.6874,45.51636146,10.00524946,5666.3833,8.6,0,0.5989
6.5,45.4072,14,0.504,0.2672,-0.3061,-84.74,23.0002,161.665,1207.5,0.468,31.4205,45.51636232,10.00524128,5686.8501,8.6,0,0.5832
6.55,45.7547,14,0.4912,0.2808,-0.3086,-84.0874,22.1994,161.6971,1201.25,0.468,32.803,45.51636306,10.00523308,5736.0166,8.6,0,0.568
6.6,46.405,14,0.4601,0.2958,-0.3061,-83.1777,20.6047,161.7257,1200,0.468,35.8442,45.51636408,10.00522463,5810.5,8.6,0,0.5464
6.65,47.1309,14,0.4244,0.3112,-0.3023,-82.2038,18.8114,161.7533,1200,0.468,39.8754,45.51636517,10.00521611,5877.9517,8.6,0,0.5249
6.7,47.7794,14,0.3866,0.3263,-0.3099,-81.3991,16.9475,161.7798,1200,0.468,44.8699,45.51636627,10.00520759,5926,8.6,0,0.502
6.75,48.3115,14,0.3454,0.341,-0.3344,-80.848,14.9777,161.8044,1200,0.468,51.3365,45.51636741,10.00519907,5982.8501,8.6,0,0.4774
6.8,48.9106,14,0.3201,0.3539,-0.335,-80.2522,13.7113,161.8316,1196.6667,0.468,56.7734,45.51636868,10.00519032,6077.6499,8.6,0,0.4676
6.85,49.5265,14,0.2988,0.3664,-0.3296,-79.6451,12.6208,161.8595,1192.5,0.468,62.4556,45.51636997,10.00518152,6125.1499,8.6,0,0.4629
6.9,50.1642,14,0.288,0.3774,-0.3266,-79.0563,11.9919,161.8841,1190.0001,0.468,66.577,45.51637132,10.00517263,6175,8.6,0,0.4636
6.95,50.8344,14,0.2933,0.3864,-0.3275,-78.4947,12.0556,161.9037,1190.0001,0.468,67.1103,45.51637274,10.00516359,6235.4834,8.6,0,0.4706
7,51.5521,13,0.2799,0.3818,-0.323,-77.9236,11.3644,161.9271,1190.0001,0.468,72.1973,45.51637426,10.00515444,6306.8501,8.6,0,0.4673
7.05,52.2817,13,0.2618,0.3738,-0.3172,-77.3502,10.4845,161.9513,1190.0001,0.468,79.3641,45.51637581,10.00514525,6409.8501,8.6,0,0.4616
7.1,52.9522,14,0.242,0.375,-0.3174,-76.861,9.5657,161.9744,1187.5,0.468,88.1028,45.51637739,10.00513602,6548.9331,8.6,0,0.4552
7.15,53.534,14,0.2198,0.3899,-0.3266,-76.498,8.5885,161.9958,1181.25,0.468,99.2044,45.51637904,10.00512669,6605.6001,8.6,0,0.4487
7.2,54.2191,13,0.1781,0.4073,-0.3365,-76.2271,6.9107,161.9957,1179.9999,0.468,124.8673,45.5163807,10.00511723,6684.2002,8.6,0,0.4446
7.25,54.9299,13,0.1314,0.4253,-0.3465,-75.9793,5.0577,161.9901,1179.9999,0.468,172.8514,45.51638235,10.00510774,6771.6001,8.6,0,0.4455
7.3,55.7251,13,0.0828,0.4309,-0.3522,-75.8508,3.1715,161.9938,1178.3333,0.468,279.644,45.51638403,10.00509808,6862.9502,8.6,0,0.4414
7.35,56.6471,13,0.0313,0.4177,-0.3516,-75.9013,1.2354,162.0111,1174.1667,0.468,729.7546,45.51638575,10.00508818,6998.7998,8.6,0,0.4291
7.4,57.5691,13,-0.0202,0.4046,-0.351,-75.9519,-0.7006,162.0284,1170,0.468,1307.7354,45.51638746,10.00507828,7191.5,8.6,0,0.4244
7.45,58.2721,13,-0.0553,0.3611,-0.3785,-76.3483,-1.9598,162.0376,1170,0.468,473.22,45.51638906,10.00506815,7216.5,8.6,0,0.3768
7.5,58.7129,13,-0.0814,0.3117,-0.4065,-76.6212,-2.8825,162.0409,1170,0.468,324.1818,45.51639066,10.00505804,7211.7334,8.6,0,0.3263
7.55,58.7606,13,-0.0942,0.2534,-0.4352,-76.709,-3.3003,162.0355,1170,0.468,283.3696,45.51639226,10.00504794,7171.7666,8.6,0,0.2687
7.6,58.8082,13,-0.1069,0.1951,-0.4638,-76.7969,-3.7181,162.0301,1170,0.468,251.73,45.51639387,10.00503784,7188.5,8.6,0,0.215
7.65,59.0364,13,-0.1129,0.1367,-0.4787,-76.9908,-3.8984,162.0346,1163.7501,0.468,241.0213,45.51639535,10.0050277,7247.5967,8.6,0,0.1809
7.7,59.2185,13,-0.1283,0.0969,-0.491,-77.1978,-4.4068,162.0347,1160,0.468,213.8736,45.51639682,10.00501752,7271.9165,8.6,0,0.169
7.75,59.3317,13,-0.158,0.085,-0.4993,-77.4245,-5.4073,162.028,1160,0.468,174.6314,45.51639827,10.00500729,7261.0835,8.6,0,0.1841
7.8,59.4448,13,-0.1876,0.0731,-0.5076,-77.6513,-6.4079,162.0212,1160,0.468,147.6442,45.51639972,10.00499705,7329.75,8.6,0,0.2028
7.85,59.6984,13,-0.236,0.0994,-0.5,-78.2728,-8.0382,162.0276,1160,0.468,118.2016,45.51640095,10.00498665,7346.5835,8.6583,0,0.2558
7.9,59.952,13,-0.2844,0.1258,-0.4923,-78.8944,-9.6685,162.0341,1160,0.468,98.6881,45.51640217,10.00497624,7369.5,8.6583,0,0.3089
7.95,60.2852,13,-0.3263,0.1452,-0.4974,-79.5998,-11.0627,162.036,1156.25,0.468,86.7298,45.51640325,10.00496566,7423.75,8.625,0,0.3616
8,60.6715,13,-0.364,0.16,-0.5108,-80.3613,-12.2996,162.035,1150,0.468,78.5079,45.51640422,10.00495495,7467.25,8.7,0,0.4141
8.05,60.8917,13,-0.3831,0.1597,-0.5265,-80.9665,-12.8847,162.0354,1150,0.468,75.2148,45.51640513,10.00494423,7429.75,8.7,0,0.4231
8.1,61.112,13,-0.4022,0.1595,-0.5422,-81.5717,-13.4698,162.0357,1150,0.468,72.2079,45.51640603,10.00493351,7480,8.775,0,0.4325
8.15,61.332,13,-0.4129,0.16,-0.5517,-82.225,-13.7687,162.0376,1150,0.468,70.8946,45.51640681,10.00492276,7528.9165,8.8,0,0.44
8.2,61.5518,13,-0.418,0.1612,-0.5571,-82.9103,-13.8768,162.0404,1150,0.468,70.5944,45.51640751,10.004912,7542.25,8.8,0,0.4463
8.25,61.8326,13,-0.4269,0.1581,-0.5869,-83.6231,-14.1084,162.0362,1145.8334,0.468,69.7526,45.51640808,10.00490111,7552.5,8.8,0,0.4555
8.3,62.1133,13,-0.4358,0.155,-0.6168,-84.3359,-14.3399,162.032,1141.6667,0.468,68.9379,45.51640866,10.00489023,7624.3335,8.8,0,0.4648
8.35,62.4258,13,-0.4512,0.1535,-0.6376,-85.139,-14.7797,162.0328,1140,0.468,67.223,45.51640906,10.00487923,7667.6665,8.8,0,0.4768
8.4,62.7594,13,-0.4708,0.153,-0.6523,-86.0022,-15.3583,162.0369,1140,0.468,65.036,45.51640934,10.00486814,7682.5,8.8,0,0.4905
8.45,62.9561,14,-0.4834,0.1452,-0.6688,-86.7922,-15.7031,162.0394,1140,0.468,63.8074,45.51640937,10.00485704,7711.6665,8.8,0,0.504
8.5,63.1528,14,-0.4959,0.1375,-0.6853,-87.5823,-16.0479,162.0419,1140,0.468,62.6316,45.5164094,10.00484595,7733.75,8.8,0,0.5178
8.55,63.3279,13,-0.5024,0.1262,-0.6952,-88.4015,-16.1966,162.0445,1140,0.468,62.2288,45.5164093,10.00483476,7754.5,8.8,0,0.5187
8.6,63.4886,13,-0.5049,0.1126,-0.7006,-89.2402,-16.2145,162.047,1140,0.468,62.3179,45.51640912,10.00482351,7798.0635,8.8,0,0.5114
8.65,63.5805,13,-0.5,0.1014,-0.7106,-90.0003,-16.0109,162.0458,1135.8334,0.453,63.2016,45.51640875,10.00481235,7768.6982,8.8,0,0.5065
8.7,63.6723,13,-0.4951,0.0902,-0.7206,-90.7604,-15.8073,162.0447,1131.6667,0.438,64.108,45.51640839,10.00480119,7817.8999,8.8,0,0.502
8.75,63.8404,13,-0.4954,0.0823,-0.7366,-91.514,-15.7788,162.0483,1130,0.432,64.3936,45.51640787,10.00478997,7815.3999,8.8,0,0.5037
8.8,64.0592,13,-0.4993,0.0766,-0.7566,-92.2633,-15.8669,162.0552,1130,0.432,64.2554,45.51640725,10.00477872,7780.5332,8.8,0,0.5096
8.85,64.1022,13,-0.5149,0.0705,-0.7463,-93.1336,-16.3317,162.0687,1130,0.432,62.4685,45.51640632,10.00476754,7775.2002,8.82,0,0.5225
8.9,64.1453,13,-0.5306,0.0643,-0.7359,-94.0038,-16.7966,162.0821,1130,0.432,60.7805,45.51640539,10.00475636,7838.0332,8.8967,0,0.5356
8.95,64.2643,13,-0.5471,0.0555,-0.7473,-94.912,-17.2913,162.0865,1130,0.432,59.1511,45.51640429,10.00474517,7788.8667,8.8133,0,0.5484
9,64.4341,13,-0.5642,0.0449,-0.7732,-95.8455,-17.806,162.0848,1130,0.432,57.593,45.51640308,10.00473396,7843.2998,8.87,0,0.5613
9.05,64.5074,13,-0.5765,0.0356,-0.7936,-96.7793,-18.1716,162.0854,1128.75,0.432,56.4984,45.5164018,10.00472281,7846,8.9533,0,0.5733
9.1,64.1943,13,-0.5696,0.0316,-0.7925,-97.7145,-17.9408,162.0952,1122.4999,0.432,56.9475,45.51640027,10.00471188,7798.6001,9,0,0.5795
9.15,64.1599,13,-0.554,0.0306,-0.7916,-98.597,-17.4398,162.0977,1120,0.432,58.552,45.51639861,10.00470092,7773.2002,9,0,0.5666
9.2,64.3113,13,-0.5327,0.0316,-0.7908,-99.4444,-16.7588,162.0952,1120,0.432,61.0753,45.51639686,10.00468994,7853.4331,9,0,0.5411
9.25,64.4607,12,-0.5154,0.031,-0.7993,-100.218,-16.2059,162.0902,1120,0.4365,63.3055,45.51639513,10.00467893,7839.2666,9,0,0.5212
9.3,64.6025,12,-0.5146,0.0239,-0.8453,-100.6961,-16.1662,162.0754,1120,0.459,63.6007,45.51639342,10.00466776,7864.2998,9,0,0.5238
9.35,64.5812,12,-0.5173,0.0109,-0.8755,-101.498,-16.2446,162.0582,1120,0.468,63.273,45.51639139,10.0046568,7864.7998,9,0,0.5225
9.4,64.4513,12,-0.5225,-0.0061,-0.8951,-102.5157,-16.4017,162.0393,1120,0.468,62.5405,45.51638916,10.00464598,7852.4331,9,0,0.5185
9.45,64.3279,13,-0.528,-0.0201,-0.9146,-103.5313,-16.5731,162.0215,1120,0.468,61.7754,45.51638687,10.00463521,7838.2002,9,0,0.5158
9.5,64.231,13,-0.5349,-0.0223,-0.9336,-104.5385,-16.8012,162.0078,1120,0.468,60.8449,45.51638434,10.00462463,7799.5669,9,0,0.517
9.55,64.1004,13,-0.5701,-0.0318,-0.9545,-105.3343,-17.925,161.9902,1120,0.468,56.9143,45.51638184,10.00461401,7813.7334,9,0,0.5455
9.6,63.9474,13,-0.6241,-0.0464,-0.9767,-105.989,-19.6459,161.9699,1120,0.468,51.8048,45.51637935,10.00460336,7805.5,9,0,0.5922
9.65,63.8525,12,-0.6825,-0.0622,-0.9966,-106.7619,-21.5036,161.9497,1118.75,0.468,47.2592,45.51637674,10.00459277,7782.9355,9,0,0.644
9.7,63.9903,12,-0.7579,-0.083,-1.0074,-108.0069,-23.9085,161.9292,1112.5,0.468,42.5973,45.51637363,10.00458242,7746.6665,9,0,0.7155
9.75,63.7806,13,-0.7702,-0.0797,-0.9876,-109.6045,-24.3511,161.929,1110,0.477,41.6859,45.51637014,10.0045725,7712.8335,9,0,0.7506
9.8,63.3393,13,-0.7405,-0.0604,-0.9474,-111.4372,-23.4857,161.9422,1110,0.492,42.923,45.51636638,10.00456287,7737,9,0,0.7618
9.85,63.0064,13,-0.7233,-0.0458,-0.9201,-112.9998,-23.0131,161.9486,1110,0.501,43.5741,45.51636269,10.00455316,7740.3335,9,0,0.774
9.9,63.107,13,-0.7565,-0.0501,-0.9446,-113.4825,-24.1121,161.9281,1110,0.486,41.6546,45.5163593,10.00454311,7715,9,0,0.7902
9.95,63.2077,13,-0.7896,-0.0543,-0.9691,-113.9652,-25.2111,161.9075,1110,0.471,39.9024,45.5163559,10.00453306,7764.5,9,0,0.8063
10,63.0896,13,-0.7986,-0.0764,-0.9796,-115.514,-25.5494,161.8878,1110,0.468,39.3004,45.5163519,10.00452359,7780,9.0333,0,0.8094
10.05,62.8606,13,-0.7912,-0.0989,-0.9835,-117.2347,-25.3681,161.8729,1109.1666,0.468,39.4376,45.51634771,10.00451432,7665.1665,9.1,0,0.8018
10.1,62.4063,13,-0.7423,-0.1057,-0.9751,-118.5766,-23.8686,161.8766,1105,0.468,41.6122,45.5163434,10.00450526,7561,9.1,0,0.7624
10.15,61.952,13,-0.6935,-0.1125,-0.9667,-119.9185,-22.3692,161.8804,1100.8333,0.468,44.0784,45.51633908,10.00449619,7606,9.1,0,0.7237
10.2,61.6667,13,-0.6564,-0.1153,-0.9462,-120.9895,-21.2562,161.8823,1100,0.468,46.1727,45.51633474,10.00448719,7589,9.1667,0,0.6573
10.25,61.4564,13,-0.6296,-0.119,-0.9311,-121.868,-20.4758,161.8785,1100,0.468,47.7692,45.51633041,10.0044782,7594.5,9.2,0,0.6015
10.3,61.3776,13,-0.6324,-0.1295,-0.9498,-122.2481,-20.6388,161.853,1100,0.468,47.3309,45.51632615,10.0044692,7595,9.2,0,0.6164
10.35,61.2988,13,-0.6352,-0.14,-0.9684,-122.6282,-20.8019,161.8276,1100,0.468,46.8995,45.51632189,10.00446019,7546.8335,9.2,0,0.6315
10.4,61.0042,13,-0.6113,-0.1494,-0.9696,-123.9312,-20.103,161.8216,1100,0.504,48.297,45.51631719,10.00445172,7486,9.2,0,0.6162
10.45,60.6556,13,-0.5807,-0.1585,-0.9663,-125.465,-19.1885,161.8205,1100,0.549,50.3096,45.51631239,10.00444339,7459.3335,9.2,0,0.5933
10.5,60.2058,13,-0.5696,-0.1552,-0.9573,-126.805,-18.9202,161.8241,1097.5,0.567,50.6445,45.5163076,10.00443519,7426.7534,9.2,0,0.5861
10.55,59.6041,13,-0.5876,-0.1334,-0.9395,-127.8545,-19.6214,161.835,1091.2499,0.5445,48.3467,45.51630285,10.00442717,7398.6001,9.2,0,0.6023
10.6,59.5288,12,-0.5966,-0.1202,-0.96,-128.5471,-20.0113,161.8168,1090,0.54,47.3448,45.51629802,10.0044191,7378.3872,9.2,0,0.6145
10.65,59.5851,12,-0.6034,-0.1091,-0.9902,-129.1505,-20.3234,161.7913,1090,0.54,46.6618,45.51629317,10.00441102,7357.4194,9.2,0,0.6259
10.7,59.5584,12,-0.601,-0.0982,-1.0105,-130.0497,-20.3154,161.7711,1090,0.54,46.6592,45.51628822,10.00440311,7320.25,9.1183,0,0.6258
10.75,59.4071,12,-0.5846,-0.0874,-1.016,-131.3924,-19.8273,161.7588,1090,0.54,47.6864,45.51628311,10.00439548,7276.8999,9.1,0,0.6084
10.8,59.1932,13,-0.5638,-0.0683,-1.0292,-132.3554,-19.1777,161.7513,1090,0.54,49.1241,45.51627786,10.00438809,7239.1499,9.1483,0,0.5697
10.85,58.9636,13,-0.5419,-0.0471,-1.0444,-133.2234,-18.4878,161.7449,1090,0.54,50.7597,45.51627257,10.00438076,7225.0166,9.2,0,0.5261
10.9,58.8174,13,-0.5214,-0.021,-1.0481,-134.1645,-17.8404,161.7402,1087.5,0.54,52.4714,45.51626722,10.00437354,7246.1001,9.2,0,0.4945
10.95,58.7963,13,-0.5032,0.0124,-1.0345,-135.215,-17.2567,161.7379,1081.25,0.54,54.2266,45.51626178,10.00436648,7291.1001,9.2,0,0.4814
11,59.0023,13,-0.4613,0.0304,-1.0309,-135.7835,-15.8228,161.7337,1080,0.528,59.348,45.51625628,10.00435935,7309.9668,9.2,0,0.4448
11.05,59.2652,13,-0.4134,0.0445,-1.0297,-136.2315,-14.1764,161.729,1080,0.513,66.5357,45.51625076,10.00435219,7329.6001,9.2,0,0.4036
11.1,59.477,13,-0.3621,0.0714,-1.029,-136.6785,-12.4085,161.7251,1080,0.513,76.2868,45.51624521,10.00434506,7308.5166,9.2,0,0.3648
11.15,59.6124,13,-0.3055,0.1174,-1.0289,-137.1238,-10.4586,161.7225,1080,0.5355,90.7162,45.51623961,10.00433797,7284.2832,9.2,0,0.3307
11.2,59.8679,13,-0.2692,0.1674,-1.0333,-137.5928,-9.1892,161.7121,1076.6667,0.528,103.6898,45.51623388,10.00433094,7325.2002,9.2,0,0.3244
11.25,60.1534,13,-0.2378,0.2183,-1.0388,-138.0678,-8.09,161.6997,1072.5,0.513,118.3398,45.51622811,10.00432391,7465.2002,9.2,0,0.3356
11.3,60.6608,13,-0.2197,0.267,-1.0378,-138.4903,-7.4306,161.6887,1070.0001,0.504,129.9288,45.51622219,10.0043168,7523.5332,9.2,0,0.3571
11.35,61.5008,13,-0.2214,0.3121,-1.0269,-138.8339,-7.4308,161.68,1070.0001,0.504,131.7248,45.51621607,10.00430954,7595.1499,9.265,0,0.3859
11.4,62.3409,13,-0.2231,0.3572,-1.016,-139.1776,-7.4309,161.6712,1070.0001,0.504,133.5208,45.51620994,10.00430229,7722.2168,9.2517,0,0.4185
11.45,63.1519,13,-0.2252,0.3965,-1.0445,-139.3748,-7.4396,161.6353,1070.0001,0.4815,135.0999,45.51620377,10.00429498,7882.5835,9.2,0,0.4608
11.5,63.9415,13,-0.2132,0.434,-1.0582,-139.6668,-6.9904,161.6142,1070.0001,0.468,145.5806,45.51619745,10.00428762,8028.3501,9.2,0,0.4896
11.55,64.6989,13,-0.1801,0.469,-1.0497,-140.1009,-5.8541,161.6154,1070.0001,0.468,175.8951,45.51619091,10.00428017,8135.8501,9.2,0,0.4998
11.6,65.4564,13,-0.147,0.5039,-1.0413,-140.5351,-4.7179,161.6165,1070.0001,0.468,220.811,45.51618438,10.00427271,8270.2998,9.2817,0,0.5137
11.65,66.4641,13,-0.0744,0.5125,-1.0334,-140.5992,-2.3908,161.5957,1063.75,0.468,442.4556,45.51617775,10.00426514,8373.5967,9.3,0,0.5131
11.7,67.427,13,-0.0174,0.5115,-1.0217,-140.4923,-0.5796,161.58,1059.9999,0.474,1851.5061,45.51617108,10.00425735,8440.4004,9.345,0,0.5118
11.75,68.3227,13,0.0162,0.4965,-1.0043,-140.129,0.4576,161.5717,1059.9999,0.489,2376.4009,45.51616436,10.00424923,8526.2334,9.4,0,0.5024
11.8,69.2184,13,0.0499,0.4814,-0.9869,-139.7656,1.4948,161.5634,1059.9999,0.504,737.0059,45.51615764,10.00424111,8679.75,9.4,0,0.4957
11.85,70.1615,13,0.0447,0.4641,-0.9895,-139.5636,1.3387,161.5572,1059.9999,0.504,834.1063,45.5161508,10.00423275,8742.25,9.4,0,0.4624
11.9,70.8928,13,0.0376,0.4439,-0.9996,-139.5881,1.1204,161.5419,1058.3333,0.516,1007.0467,45.51614386,10.00422449,8775.7666,9.4,0,0.432
11.95,71.3067,13,0.0275,0.4194,-1.0208,-139.9525,0.8086,161.513,1054.1667,0.546,1403.5818,45.5161368,10.0042164,8837.6504,9.4,0,0.4055
12,71.7206,13,0.0174,0.395,-1.0419,-140.3169,0.4967,161.4841,1050,0.576,2297.9993,45.51612973,10.0042083,8925.9004,9.4,0,0.3791
12.05,72.5789,13,0.0275,0.3548,-1.0261,-140.2606,0.7789,161.4685,1050,0.576,1483.0221,45.51612257,10.0041999,9022.1836,9.4,0,0.3571
12.1,73.2713,13,0.042,0.3275,-1.0139,-140.064,1.1809,161.4557,1050,0.57,987.5308,45.51611546,10.00419134,9118.167,9.4,0,0.3399
12.15,73.7148,13,0.0633,0.3196,-1.0073,-139.6572,1.7625,161.447,1050,0.555,665.6375,45.51610843,10.00418257,9276.5,9.4,0,0.3309
12.2,74.1583,13,0.0845,0.3116,-1.0007,-139.2503,2.3442,161.4383,1050,0.54,503.4855,45.51610139,10.0041738,9359.6338,9.4,0,0.3243
12.25,74.8601,13,0.106,0.2894,-1.0121,-139.235,2.9114,161.4179,1050,0.54,409.2367,45.51609412,10.00416489,9371.3662,9.4,0,0.3174
12.3,75.4047,13,0.1143,0.2636,-1.0174,-139.1672,3.1227,161.4049,1048.3333,0.54,384.3164,45.51608687,10.00415596,9308.4004,9.445,0,0.301
12.35,75.7134,13,0.1029,0.2325,-1.0137,-139.0207,2.8003,161.4031,1044.1667,0.54,430.3208,45.51607966,10.00414698,9237.4336,9.5,0,0.2679
12.4,76.0222,13,0.0915,0.2013,-1.0099,-138.8742,2.4779,161.4013,1040,0.54,488.2974,45.51607245,10.00413801,9243.7002,9.5,0,0.2349
12.45,76.1063,13,0.0421,0.174,-0.9855,-139.0092,1.1488,161.4068,1040,0.57,1054.3998,45.51606518,10.00412917,9298.7002,9.5,0,0.1837
12.5,76.1903,13,-0.0073,0.1467,-0.9611,-139.1442,-0.1803,161.4123,1040,0.6,6725.2822,45.51605791,10.00412033,9229.7969,9.5681,0,0.1371
12.55,76.3787,13,-0.0359,0.0993,-0.9462,-139.1282,-0.9481,161.4133,1040,0.621,1282.1942,45.51605064,10.00411141,9212.71,9.6,0,0.0943
12.6,76.6366,13,-0.0506,0.0383,-0.9377,-139.0116,-1.3416,161.4114,1040,0.636,909.1375,45.51604339,10.00410242,9244.8623,9.6,0,0.0664
12.65,76.7944,13,-0.0576,-0.028,-0.931,-139.0203,-1.5286,161.4075,1040,0.648,799.5926,45.51603611,10.00409353,9252.3809,9.6127,0,0.0764
12.7,76.5515,13,-0.0336,-0.1163,-0.9317,-139.5298,-0.8891,161.3951,1040,0.648,1370.353,45.51602876,10.004085,9104.7617,9.6921,0,0.1072
12.75,75.9329,13,-0.03,-0.1655,-0.9343,-139.5874,-0.7949,161.3836,1040,0.648,1520.2454,45.51602171,10.00407655,9150.2539,9.7,0,0.1513
12.8,75.0639,13,-0.04,-0.1887,-0.9384,-139.3438,-1.0644,161.3724,1040,0.648,1122.4342,45.51601485,10.00406814,9128.7998,9.64,0,0.1856
12.85,74.386,13,-0.0474,-0.2061,-0.9427,-139.1998,-1.2624,161.3611,1040,0.648,937.7838,45.51600793,10.00405971,9122.3662,9.6433,0,0.2127
12.9,74.4724,13,-0.0439,-0.2004,-0.9481,-139.4538,-1.1751,161.3491,1040,0.648,1008.6532,45.51600074,10.00405121,9117.7998,9.7,0,0.2113
12.95,74.4124,13,-0.0322,-0.1833,-0.9549,-139.667,-0.8625,161.3351,1037.5,0.648,1373.1733,45.51599358,10.00404287,9018.2002,9.71,0,0.1954
13,74.2549,13,-0.015,-0.1588,-0.9626,-139.8529,-0.3996,161.3196,1033.3333,0.648,2957.2393,45.51598645,10.00403463,8903.2002,9.7933,0,0.1711
13.05,74.0838,13,0.0008,-0.1338,-0.9672,-139.9155,0.0244,161.3056,1030,0.648,10000,45.51597937,10.00402632,8884.0332,9.8,0,0.1475
13.1,73.8585,13,0.0107,-0.107,-0.9589,-139.485,0.2931,161.2971,1030,0.648,4009.9763,45.51597255,10.00401772,8866,9.8,0,0.1172
13.15,73.6382,13,0.0171,-0.0883,-0.9581,-139.3221,0.4678,161.2873,1030,0.648,2505.4036,45.51596567,10.00400926,8897.5996,9.8,0,0.0978
13.2,73.4213,13,0.0211,-0.075,-0.9624,-139.3375,0.5797,161.2766,1030,0.648,2015.8186,45.51595876,10.00400089,8930.1338,9.8267,0,0.0829
13.25,73.2216,13,0.0285,-0.0654,-0.9691,-139.3537,0.7848,161.2639,1030,0.648,1484.9883,45.51595188,10.0039925,8858.5898,9.8902,0,0.0683
13.3,73.0906,13,0.0495,-0.0712,-0.9858,-139.373,1.3625,161.2431,1030,0.648,853.753,45.51594508,10.00398401,8763.5078,9.8082,0,0.054
13.35,73.1152,13,0.0434,-0.0422,-0.9939,-139.3529,1.194,161.2241,1030,0.639,974.6216,45.5159382,10.00397553,8853.915,9.8763,0,0.0311
13.4,73.2437,13,0.0192,0.0101,-0.9963,-139.3066,0.5278,161.2065,1030,0.624,2208.5244,45.51593124,10.00396706,8915.5996,9.84,0,0.0075
13.45,73.3975,13,0.0002,0.049,-0.995,-139.2785,0.0041,161.1914,1029.1667,0.612,10000,45.51592426,10.00395854,8971.9668,9.8433,0,0.0235
13.5,73.6522,13,0.0018,0.0345,-0.9787,-139.3233,0.0498,161.1866,1025,0.612,10000,45.51591719,10.00394987,9028.5996,9.9,0,0.0159
13.55,73.9068,13,0.0035,0.02,-0.9624,-139.3681,0.0955,161.1817,1020.8334,0.612,10000,45.51591012,10.00394119,9033.4004,9.91,0,0.0091
13.6,73.665,13,0.0207,-0.0303,-0.9657,-139.3622,0.5696,161.1758,1020,0.612,2058.375,45.51590323,10.00393276,8853.4004,9.9933,0,0.0455
13.65,73.2529,13,0.0393,-0.0908,-0.9719,-139.3042,1.083,161.1687,1020,0.612,1076.4662,45.51589644,10.0039244,8785.5811,10,0,0.107
13.7,72.6568,13,0.0481,-0.1569,-0.9696,-139.0891,1.3257,161.1581,1020,0.612,872.2883,45.51588985,10.00391604,8689.3662,10,0,0.1717
13.75,72.0607,13,0.0568,-0.223,-0.9673,-138.874,1.5683,161.1475,1020,0.612,731.287,45.51588326,10.00390767,8574,10,0,0.2391
13.8,71.5231,13,0.0487,-0.2803,-0.9788,-138.7983,1.3483,161.1316,1020,0.612,844.2391,45.51587674,10.0038995,8476.4668,10,0,0.2825
13.85,70.9923,13,0.0356,-0.3277,-0.9914,-138.787,0.9906,161.1164,1020,0.612,1140.6162,45.51587024,10.0038914,8428.0664,10,0,0.3167
13.9,70.4301,13,0.0196,-0.3439,-0.9953,-138.8936,0.5442,161.1091,1020,0.612,2059.6943,45.51586378,10.00388338,8378.9004,10,0,0.3339
13.95,69.868,13,0.0036,-0.3601,-0.9992,-139.0002,0.0979,161.1018,1020,0.612,10000,45.51585732,10.00387535,8332.667,10,0,0.3522
14,69.2774,13,-0.0216,-0.3719,-0.9935,-139.0439,-0.6278,161.0888,1020,0.612,1756.2543,45.515851,10.00386748,8270.4004,10.0567,0,0.3679
14.05,68.6361,13,-0.0463,-0.3811,-0.9915,-139.0789,-1.346,161.0719,1019.1667,0.612,811.5957,45.51584473,10.00385969,8111.2002,10.1,0,0.3828
14.1,67.82,13,-0.0598,-0.3846,-1.0135,-139.1423,-1.7548,161.0453,1015,0.612,615.106,45.51583856,10.00385213,7862.1333,10.1,0,0.393
14.15,67.0039,13,-0.0734,-0.3881,-1.0355,-139.2057,-2.1636,161.0188,1010.8334,0.612,492.8731,45.51583238,10.00384456,7658.5332,10.1067,0,0.4039
14.2,66.1706,13,-0.073,-0.3739,-1.0197,-139.3956,-2.1662,161.0171,1010,0.612,486.1709,45.5158263,10.00383724,7777.7002,10.19,0,0.3909
14.25,65.4486,13,-0.0673,-0.3513,-1.0012,-139.5845,-2.0113,161.0165,1010,0.609,517.894,45.51582022,10.00382996,7840.3999,10.2,0,0.366
14.3,65.1896,13,-0.0542,-0.313,-1.0095,-139.6424,-1.633,160.995,1010,0.594,635.3291,45.51581411,10.00382262,7845.5332,10.2,0,0.3179
14.35,64.9305,13,-0.0411,-0.2747,-1.0178,-139.7004,-1.2548,160.9736,1010,0.579,823.5673,45.51580799,10.00381528,7808.3999,10.2,0,0.2699
14.4,64.6354,13,-0.0383,-0.2536,-1.0083,-139.6842,-1.1797,160.9681,1010,0.564,872.0156,45.5158019,10.00380787,7759.5332,10.2,0,0.2489
14.45,64.3312,13,-0.038,-0.2369,-0.9944,-139.6495,-1.1804,160.9667,1010,0.549,867.4053,45.51579581,10.00380045,7734.0146,10.2058,0,0.2345
14.5,63.9108,13,-0.0379,-0.2341,-0.9903,-139.684,-1.1863,160.9595,1010,0.54,857.4457,45.51578978,10.00379317,7721.6958,10.2783,0,0.2313
14.55,63.3159,13,-0.0382,-0.252,-1.001,-139.8222,-1.2,160.9439,1010,0.54,839.7441,45.51578382,10.00378612,7694.0835,10.3,0,0.2446
14.6,62.6523,13,-0.0498,-0.2682,-1.0081,-139.9629,-1.582,160.9316,1010,0.54,630.298,45.51577797,10.00377917,7616.1665,10.2583,0,0.2614
14.65,61.9715,13,-0.0643,-0.284,-1.0144,-140.1041,-2.0561,160.9201,1010,0.54,479.7006,45.51577213,10.00377224,7508.377,10.2246,0,0.2794
14.7,61.434,13,-0.078,-0.2898,-1.0145,-140.2115,-2.512,160.9077,1007.5001,0.54,389.2342,45.51576631,10.00376534,7434.7998,10.3,0,0.2948
14.75,61.1115,13,-0.0906,-0.2805,-1.0053,-140.2683,-2.9406,160.8939,1001.25,0.54,330.7512,45.5157605,10.00375847,7382.2998,10.3,0,0.3066
14.8,60.7947,13,-0.0949,-0.2573,-0.9995,-140.5063,-3.1018,160.8859,1000,0.54,311.938,45.51575467,10.00375172,7362.7998,10.3,0,0.2861
14.85,60.4794,13,-0.0971,-0.2308,-0.9945,-140.7897,-3.1962,160.8795,1000,0.54,301.1619,45.51574885,10.003745,7322.2998,10.3,0,0.2577
14.9,60.1483,13,-0.0949,-0.2083,-0.9978,-140.9781,-3.1413,160.8698,1000,0.534,304.7444,45.51574307,10.00373832,7284.2002,10.3,0,0.2318
14.95,59.7934,13,-0.0859,-0.1921,-1.0135,-141.024,-2.8626,160.8553,1000,0.519,332.4364,45.51573737,10.00373169,7259.6001,10.3233,0,0.2093
15,59.4386,13,-0.077,-0.1759,-1.0292,-141.0699,-2.584,160.8408,1000,0.504,366.101,45.51573167,10.00372506,7222.6001,10.4,0,0.1868
15.05,59.1748,13,-0.0687,-0.1909,-1.0149,-141.2193,-2.3179,160.8302,1000,0.504,406.3097,45.51572591,10.00371853,7105.1001,10.4,0,0.2051
15.1,58.8045,13,-0.0749,-0.2053,-1.0089,-141.3696,-2.5466,160.8228,1000,0.504,367.5061,45.5157202,10.00371208,7079.2666,10.4,0,0.2224
15.15,58.2747,13,-0.1028,-0.2186,-1.0154,-141.5215,-3.5175,160.8203,1000,0.504,263.6755,45.51571455,10.00370577,7064.7998,10.4,0,0.2387
15.2,57.745,13,-0.1307,-0.2319,-1.0218,-141.6734,-4.4883,160.8177,1000,0.504,204.7629,45.5157089,10.00369945,7039.3999,10.4,0,0.2563
15.25,57.427,13,-0.1837,-0.22,-1.0216,-142.1413,-6.373,160.7979,1000,0.504,143.414,45.51570322,10.00369335,6996.2002,10.4,0,0.2792
15.3,57.1323,13,-0.2354,-0.2094,-1.0235,-142.6916,-8.2243,160.7798,998.3333,0.504,110.561,45.51569752,10.00368736,6941.1333,10.4,0,0.3096
15.35,56.8725,13,-0.2851,-0.2008,-1.0283,-143.3654,-10.0255,160.7642,994.1667,0.504,90.2849,45.51569178,10.00368154,6942.7998,10.4,0,0.3487
15.4,56.6127,13,-0.3348,-0.1922,-1.0332,-144.0392,-11.8267,160.7486,990,0.504,76.185,45.51568604,10.00367572,6894.6001,10.4733,0,0.3922
15.45,56.2644,13,-0.3835,-0.192,-1.039,-144.7649,-13.6298,160.7437,990,0.504,65.7,45.5156803,10.00367023,6836.2002,10.5,0,0.4352
15.5,55.8744,13,-0.4298,-0.1962,-1.043,-145.5321,-15.3675,160.7372,990,0.504,57.8669,45.51567454,10.00366488,6816.6001,10.5,0,0.4757
15.55,55.422,13,-0.4728,-0.2072,-1.0445,-146.3616,-17.0072,160.7281,990,0.504,51.8643,45.51566874,10.00365974,6794.3335,10.5,0,0.5116
15.6,54.9695,13,-0.5158,-0.2181,-1.046,-147.1911,-18.6469,160.7191,990,0.504,46.9174,45.51566294,10.0036546,6660.127,10.5063,0,0.5475
15.65,54.4203,13,-0.5031,-0.2333,-0.9917,-148.5693,-18.3153,160.7494,990,0.5265,47.2897,45.51565696,10.00364999,6611.7144,10.5857,0,0.5436
15.7,53.9372,13,-0.4799,-0.2409,-0.9642,-149.6219,-17.5918,160.7607,990,0.552,48.7976,45.51565104,10.00364546,6575.6665,10.6,0,0.5285
15.75,53.5534,13,-0.4409,-0.2371,-0.9765,-150.186,-16.2804,160.7437,990,0.582,52.3531,45.51564521,10.00364103,6547.5,10.6,0,0.497
15.8,53.1695,13,-0.4019,-0.2332,-0.9889,-150.7501,-14.969,160.7267,990,0.612,56.5315,45.51563937,10.0036366,6523.5498,10.6,0,0.4662
15.85,52.8218,13,-0.362,-0.2442,-0.9783,-151.2343,-13.5724,160.7359,990,0.627,61.941,45.51563362,10.00363241,6475.9331,10.6,0,0.4378
15.9,52.4741,13,-0.3221,-0.2552,-0.9676,-151.7186,-12.1758,160.745,990,0.642,68.5913,45.51562786,10.00362823,6340.3833,10.6,0,0.4114
15.95,51.947,13,-0.2963,-0.2774,-0.9477,-152.1823,-11.3065,160.7572,990,0.648,73.1227,45.51562216,10.00362418,6259.5498,10.6,0,0.404
16,51.3004,13,-0.2801,-0.3072,-0.9217,-152.6323,-10.7888,160.7715,990,0.648,75.6774,45.51561649,10.00362022,6186.9165,10.6,0,0.4105
16.05,50.5341,13,-0.301,-0.3354,-0.9439,-153.4398,-11.7476,160.7611,990,0.633,68.463,45.51561102,10.00361676,6140.8833,10.6,0,0.4511
16.1,49.7677,13,-0.3218,-0.3635,-0.9661,-154.2473,-12.7063,160.7506,990,0.618,62.3372,45.51560555,10.00361331,6099.5498,10.6,0,0.4917
16.15,48.9995,13,-0.3672,-0.3785,-0.9808,-155.0508,-14.6702,160.7468,990,0.5985,53.159,45.51560014,10.00361008,6028.5,10.6183,0,0.5317
16.2,48.23,13,-0.4288,-0.3845,-0.9905,-155.8516,-17.304,160.7474,990,0.576,44.3599,45.51559475,10.00360701,5905.6499,10.7,0,0.5726
16.25,47.702,12,-0.4683,-0.3923,-0.9969,-156.977,-19.2,160.7495,985.8333,0.576,39.5417,45.51558928,10.00360424,5888.1499,10.7,0,0.6165
16.3,47.1739,12,-0.5077,-0.4,-1.0033,-158.1023,-21.096,160.7516,981.6667,0.576,35.5896,45.5155838,10.00360147,5798.2168,10.7,0,0.6614
16.35,46.4497,12,-0.5482,-0.4002,-1.004,-159.3225,-23.1326,160.7523,980,0.567,31.958,45.51557843,10.00359911,5733.7168,10.7,0,0.6937
16.4,45.5947,12,-0.5893,-0.3954,-1.001,-160.6059,-25.2628,160.7521,980,0.552,28.7245,45.51557314,10.00359702,5693.1499,10.7,0,0.718
16.45,44.7272,12,-0.6294,-0.3878,-1.0111,-162.0168,-27.3739,160.749,980,0.5355,26.0049,45.51556789,10.00359506,5641.3477,10.7,0,0.7392
16.5,43.81,12,-0.6651,-0.3686,-1.0738,-163.9373,-29.4078,160.7342,980,0.513,23.71,45.51556281,10.00359361,5556.5654,10.7,0,0.7457
16.55,43.2564,12,-0.687,-0.3346,-1.1,-165.5269,-30.8445,160.731,980,0.495,22.3199,45.51555757,10.00359225,5481.3999,10.7,0,0.7488
16.6,42.9452,12,-0.6999,-0.2908,-1.1018,-166.896,-31.8831,160.7356,980,0.48,21.4375,45.51555223,10.00359097,5399,10.7,0,0.751
16.65,42.6186,12,-0.7072,-0.2443,-1.1034,-168.3779,-32.6647,160.7414,980,0.4725,20.7654,45.5155469,10.00358981,5332.3335,10.7333,0,0.7468
16.7,42.2305,12,-0.6928,-0.1875,-1.1046,-170.3116,-32.4187,160.7522,980,0.495,20.7325,45.51554158,10.00358916,5284.6001,10.8,0,0.7071
16.75,42.0473,12,-0.667,-0.1552,-1.1115,-171.8897,-31.5204,160.7464,980,0.522,21.2308,45.51553628,10.00358865,5181.2666,10.8,0,0.682
16.8,42.0006,12,-0.6338,-0.1391,-1.1222,-173.2305,-30.1872,160.7295,980,0.552,22.1438,45.51553097,10.00358821,5150.7666,10.8,0,0.6658
16.85,41.8389,12,-0.614,-0.1302,-1.1317,-174.599,-29.4893,160.7159,980,0.582,22.5806,45.51552573,10.00358787,5114.6001,10.8,0,0.6592
16.9,41.217,12,-0.6482,-0.1497,-1.1362,-176.0779,-31.3324,160.7154,980,0.612,20.9365,45.5155207,10.00358789,5035.6333,10.8,0,0.6905
16.95,40.5951,12,-0.6823,-0.1691,-1.1407,-177.5568,-33.1754,160.7149,980,0.642,19.475,45.51551568,10.00358791,4952.3999,10.8,0,0.7219
17,40.3131,12,-0.7208,-0.1867,-1.1107,0.0974,-35.3449,160.7257,975,0.738,18.1526,45.51551066,10.00358874,4926.2998,10.8,0,0.7528
17.05,40.0642,12,-0.7547,-0.2004,-1.0757,177.66,-37.3338,160.7408,970,0.825,17.0795,45.51550568,10.00358983,4837.1333,10.8,0,0.7789
17.1,39.6072,12,-0.766,-0.2001,-1.0548,175.7229,-38.2735,160.7619,970,0.81,16.4701,45.51550089,10.00359116,4823.1001,10.8,0,0.7856
17.15,39.1503,12,-0.7772,-0.1998,-1.034,173.7857,-39.2132,160.7829,970,0.795,15.89,45.5154961,10.00359249,4823.3999,10.8,0,0.7924
17.2,38.7054,12,-0.7782,-0.1996,-1.0285,172.0058,-39.669,160.7925,970,0.774,15.5289,45.51549149,10.0035941,4760,10.8,0,0.7865
17.25,38.2743,12,-0.7793,-0.2035,-1.0145,170.2571,-40.1568,160.8041,970,0.75,15.1694,45.51548695,10.00359586,4591.7998,10.8,0,0.7844
17.3,37.8866,12,-0.7917,-0.224,-0.9507,168.4756,-41.2562,160.8348,970,0.72,14.6156,45.51548244,10.00359787,4354.7998,10.81,0,0.8096
17.35,37.4989,12,-0.8041,-0.2446,-0.887,166.6941,-42.3557,160.8655,970,0.69,14.0905,45.51547793,10.00359989,4286.4668,10.8933,0,0.835
17.4,36.7752,13,-0.8467,-0.288,-0.8475,164.0388,-45.1331,160.8965,970,0.702,12.9682,45.51547385,10.00360254,4249.5669,10.9,0,0.8874
17.45,36.0028,13,-0.8957,-0.3248,-0.8193,161.1096,-48.3675,160.9219,970,0.723,11.8468,45.51546996,10.00360548,4193.7998,10.9,0,0.9428
17.5,35.3713,13,-0.94,-0.3127,-0.8114,157.9592,-51.7515,160.9247,970,0.738,10.878,45.5154664,10.0036089,4162.1333,10.9,0,0.9811
17.55,34.7398,13,-0.9844,-0.3006,-0.8036,154.8088,-55.1355,160.9276,970,0.753,10.028,45.51546284,10.00361232,4156.7334,10.9267,0,1.0197
17.6,33.8604,13,-0.9814,-0.2626,-0.8266,152.2001,-55.8983,160.9251,970,0.774,9.6408,45.51545959,10.00361567,4151.2998,11,0,1.0234
17.65,33.1303,13,-0.9553,-0.22,-0.8489,149.739,-55.2909,160.9229,970,0.789,9.5366,45.51545639,10.00361912,4203.7998,11,0,1.0047
17.7,33.2452,13,-0.884,-0.1848,-0.8378,147.326,-51.8244,160.9275,970,0.774,10.2098,45.51545308,10.00362301,4143.1475,11,0,0.9225
17.75,33.3601,13,-0.8127,-0.1496,-0.8268,144.913,-48.358,160.932,970,0.759,10.9794,45.51544978,10.00362691,4078.8333,11,0,0.8412
17.8,33.1432,13,-0.7134,-0.1311,-0.6692,142.9625,-42.9402,160.9902,965,0.702,12.2843,45.51544654,10.00363071,4023.4167,11,0,0.7388
17.85,32.8237,13,-0.6199,-0.1175,-0.5147,141.216,-37.7463,161.049,960,0.636,13.8399,45.51544338,10.0036345,3985.5,11,0,0.6438
17.9,32.426,13,-0.5771,-0.107,-0.5191,139.823,-35.3989,161.0562,960,0.576,14.5789,45.51544048,10.00363836,3988.5833,11,0,0.5994
17.95,32.0283,13,-0.5343,-0.0965,-0.5234,138.4299,-33.0515,161.0633,960,0.516,15.4228,45.51543758,10.00364221,4124.4165,11,0,0.555
18,31.9269,12,-0.5447,-0.081,-0.4793,136.5812,-33.9418,161.0807,960,0.504,14.9707,45.51543484,10.00364638,4318,11,0,0.5605
18.05,31.8996,12,-0.5685,-0.0641,-0.423,134.6187,-35.6416,161.1006,960,0.504,14.2445,45.51543214,10.00365063,4475.4165,11,0,0.5789
18.1,31.8692,12,-0.5884,-0.0339,-0.3591,132.6368,-37.0836,161.1224,960,0.522,13.6776,45.51542957,10.00365495,4564.5835,11,0,0.5965
18.15,31.8339,12,-0.6024,0.0166,-0.2837,130.626,-38.139,161.1468,960,0.567,13.2843,45.51542718,10.00365935,4593.25,11,0,0.6141
18.2,32.0532,12,-0.6105,0.073,-0.2114,128.4093,-38.6822,161.1724,960,0.636,13.188,45.51542488,10.00366412,4595.5,11.0083,0,0.6172
18.25,32.3361,12,-0.6171,0.1309,-0.1397,126.1412,-39.0973,161.1983,960,0.711,13.1632,45.51542261,10.00366898,4580.5,11.0917,0,0.6235
18.3,32.665,13,-0.6203,0.1804,-0.0718,124.3536,-39.2122,161.2243,960,0.729,13.2581,45.51542032,10.00367392,4558.75,11.025,0,0.6344
18.35,33.0629,13,-0.6184,0.2172,-0.0095,123.2867,-38.8767,161.2507,960,0.6615,13.5354,45.51541799,10.00367899,4511.1665,11,0,0.646
18.4,33.4539,13,-0.6193,0.2145,0.0379,121.3457,-38.5518,161.2688,956.6666,0.66,13.8109,45.51541595,10.00368429,4527.8335,11.0417,0,0.6491
18.45,33.8432,13,-0.621,0.2019,0.0816,119.1862,-38.2295,161.2847,952.5,0.675,14.0894,45.51541399,10.00368965,4610.1689,11.1,0,0.6505
18.5,34.1205,13,-0.6375,0.1827,0.1097,117.0796,-38.832,161.2955,950,0.666,13.9844,45.5154122,10.0036951,4670.7324,11.1,0,0.663
18.55,34.2297,13,-0.6763,0.1535,0.1147,115.0522,-40.822,161.2987,950,0.621,13.3453,45.51541067,10.00370067,4690.8965,11.1,0,0.6928
18.6,34.3388,13,-0.715,0.1243,0.1196,113.0247,-42.812,161.3019,950,0.576,12.7656,45.51540914,10.00370624,4713.6001,11.1,0,0.7243
18.65,34.1665,12,-0.7468,0.1336,0.1592,110.2412,-44.509,161.2981,950,0.5985,12.2172,45.51540821,10.00371184,4699.1611,11.1,0,0.7556
18.7,34.2599,11,-0.7683,0.1486,0.1862,107.7449,-45.5786,161.2945,950,0.6,11.9631,45.51540731,10.00371766,4651.0332,11.1,0,0.7795
18.75,34.7519,11,-0.7744,0.1723,0.1943,105.6794,-45.7068,161.2913,950,0.57,12.1009,45.51540643,10.00372379,4616.6001,11.1,0,0.7924
18.8,35.2439,11,-0.7805,0.196,0.2024,103.6139,-45.8351,161.2881,950,0.54,12.2379,45.51540555,10.00372992,4636.6001,11.1,0,0.8058
18.85,35.823,12,-0.7404,0.2132,0.2092,101.6869,-43.1913,161.2874,950,0.5175,13.2004,45.51540491,10.0037363,4640.4668,11.1,0,0.793
18.9,36.2547,12,-0.6894,0.2295,0.1907,99.7133,-39.919,161.2754,950,0.504,14.4546,45.51540446,10.00374274,4560.5332,11.1,0,0.7591
18.95,36.4653,12,-0.6219,0.2445,0.1341,97.6696,-35.7037,161.2463,950,0.504,16.255,45.5154043,10.00374925,4499.3999,11.1,0,0.6945
19,36.676,12,-0.5544,0.2595,0.0776,95.626,-31.4884,161.2173,950,0.504,18.5375,45.51540414,10.00375577,4515.1665,11.1,0,0.6325
19.05,37.0298,12,-0.4809,0.2812,0.0518,95.1004,-27.013,161.2062,943.75,0.504,21.8172,45.51540376,10.00376246,4576.6665,11.1,0,0.5626
19.1,37.5342,12,-0.4145,0.2911,0.0356,94.446,-22.9961,161.1994,940,0.498,25.9773,45.51540345,10.00376927,4722.5,11.1,0,0.4995
19.15,38.2644,12,-0.3587,0.2833,0.0338,93.5987,-19.6667,161.1988,940,0.483,30.9658,45.51540324,10.00377628,4773,11.1,0,0.4445
19.2,38.9945,12,-0.3029,0.2755,0.032,92.7513,-16.3374,161.1982,940,0.468,37.9876,45.51540303,10.00378328,4801.4331,11.1,0,0.3926
19.25,39.4275,13,-0.2572,0.2788,0.0656,92.2919,-13.7441,161.2003,940,0.468,45.6565,45.51540293,10.00379041,4824,11.1,0,0.3597
19.3,39.8131,13,-0.2241,0.2804,0.0782,91.7962,-11.8256,161.1949,940,0.468,53.5825,45.51540287,10.00379755,4858.1333,11.1467,0,0.3395
19.35,40.1273,13,-0.2098,0.2794,0.0592,91.2461,-10.9191,161.1781,940,0.468,58.4888,45.51540286,10.00380472,4925.3999,11.2933,0,0.336
19.4,40.4415,13,-0.1955,0.2784,0.0402,90.6961,-10.0126,161.1614,940,0.468,64.2834,45.51540285,10.0038119,4980.3999,11.21,0,0.3334
19.45,41.035,12,-0.2147,0.2767,-0.02,90.2446,-10.8412,161.1305,940,0.468,60.2418,45.51540298,10.00381944,5047.1333,11.2733,0,0.3501
19.5,41.6285,12,-0.2339,0.275,-0.0802,89.7932,-11.6697,161.0995,940,0.468,56.7741,45.5154031,10.00382698,5122.2666,11.2433,0,0.3696
19.55,42.1664,12,-0.2613,0.2787,-0.0799,89.096,-12.8822,161.0933,940,0.468,52.0951,45.51540329,10.0038345,5196.6001,11.24,0,0.3944
19.6,42.6671,12,-0.2941,0.2859,-0.0393,88.2349,-14.3506,161.1035,940,0.468,47.3199,45.51540351,10.00384199,5253.7666,11.3,0,0.4221
19.65,43.2624,12,-0.3352,0.3086,-0.0315,87.2356,-16.1429,161.1006,940,0.468,42.653,45.51540402,10.00384967,5283.0322,11.3,0,0.4607
19.7,43.8576,12,-0.3763,0.3313,-0.0236,86.2364,-17.9352,161.0977,940,0.468,38.9188,45.51540453,10.00385735,5370.9355,11.3,0,0.4997
19.75,44.4248,11,-0.4046,0.3354,-0.0357,85.2109,-19.0523,161.0842,936.25,0.4545,37.1105,45.51540523,10.0038652,5489.2998,11.3,0,0.5225
19.8,44.9733,11,-0.4245,0.3272,-0.0611,84.1679,-19.7194,161.0635,930,0.432,36.2979,45.51540606,10.00387318,5568.6665,11.3,0,0.5349
19.85,45.4825,11,-0.432,0.302,-0.0623,83.1872,-19.8144,161.049,930,0.432,36.5328,45.51540705,10.00388118,5608.8999,11.3,0,0.5267
19.9,45.9917,11,-0.4395,0.2768,-0.0636,82.2065,-19.9094,161.0344,930,0.432,36.7655,45.51540804,10.00388918,5636,11.3,0,0.5194
19.95,46.3711,12,-0.4499,0.2605,-0.0583,81.3004,-20.1513,161.0271,930,0.432,36.6239,45.51540912,10.00389718,5677.1333,11.3,0,0.5096
20,46.6641,12,-0.4624,0.25,-0.0486,80.444,-20.4911,161.0245,930,0.432,36.2441,45.51541027,10.00390519,5705.4668,11.3,0,0.4986
20.05,47.0006,12,-0.481,0.2622,-0.0623,79.3139,-21.1116,161.0026,930,0.447,35.4326,45.51541176,10.00391334,5759.7002,11.3,0,0.5308
20.1,47.3372,12,-0.4995,0.2744,-0.076,78.1839,-21.732,160.9808,930,0.462,34.6675,45.51541324,10.00392149,5839.1333,11.3,0,0.5629
20.15,47.9691,11,-0.5168,0.2948,-0.0767,76.9335,-22.2828,160.9778,930,0.468,34.2619,45.51541489,10.00392975,5965.8999,11.3,0,0.5882
20.2,48.798,11,-0.5333,0.3206,-0.0689,75.6029,-22.7872,160.9875,930,0.468,34.0825,45.51541665,10.00393809,6110.7998,11.3,0,0.6093
20.25,49.4126,11,-0.5159,0.3313,-0.053,74.5835,-21.8142,160.9873,930,0.483,36.0512,45.51541868,10.00394664,6165.8999,11.3,0,0.6079
20.3,50.0272,11,-0.4986,0.342,-0.0372,73.5642,-20.8411,160.987,930,0.498,38.2036,45.51542072,10.00395518,6163.3999,11.3,0,0.6068
20.35,50.5654,10,-0.4816,0.343,-0.0375,72.6924,-19.8991,160.9803,930,0.495,40.4428,45.51542287,10.00396378,6156,11.3,0,0.5986
20.4,51.0528,10,-0.4647,0.3375,-0.0485,71.9191,-18.9777,160.9693,930,0.48,42.8151,45.51542512,10.00397243,6168.4668,11.3,0,0.5855
20.45,51.525,10,-0.4524,0.3318,-0.0539,71.1176,-18.2437,160.9585,928.75,0.4635,44.9496,45.51542741,10.00398107,6271.1001,11.3,0,0.5744
20.5,51.9366,10,-0.4582,0.3256,-0.0366,70.2037,-18.2592,160.9484,922.5,0.441,45.2701,45.51542991,10.00398965,6455.6885,11.3,0,0.5709
20.55,52.5443,10,-0.4769,0.3225,-0.044,69.1895,-18.7791,160.9332,920,0.432,44.5318,45.51543268,10.00399836,6584.1001,11.3,0,0.5789
20.6,53.2829,10,-0.5042,0.3214,-0.0677,68.1084,-19.6354,160.9148,920,0.432,43.1886,45.51543563,10.00400715,6739.1001,11.3,0,0.595
20.65,53.9753,10,-0.5323,0.3201,-0.0849,67.0259,-20.5177,160.9008,920,0.432,41.8684,45.51543861,10.00401591,6854.377,11.3,0,0.6115
20.7,54.4831,10,-0.5631,0.3173,-0.0757,65.9379,-21.5045,160.905,920,0.432,40.3229,45.5154417,10.00402458,7062.5,11.3,0,0.627
20.75,54.9077,11,-0.5607,0.2966,-0.0557,64.8166,-21.219,160.9156,920,0.441,41.184,45.51544504,10.00403319,7634.6665,11.3,0,0.615
20.8,55.277,11,-0.5361,0.2638,-0.0284,63.6733,-20.0854,160.9307,920,0.456,43.8011,45.51544854,10.00404175,8511.333,11.3,0,0.5846
20.85,55.5749,11,-0.5128,0.2307,-0.005,62.6646,-19.018,160.9437,920,0.468,46.5087,45.51545202,10.00405034,8828,11.3,0,0.5567
20.9,55.5868,11,-0.4948,0.1957,0.003,62.1946,-18.2159,160.9484,920,0.468,48.567,45.51545543,10.00405907,8823,11.3,0,0.5383
20.95,55.8942,11,-0.5021,0.1757,0.0194,61.5491,-18.3578,160.9566,920,0.468,48.4581,45.51545898,10.00406778,8336,11.3,0,0.543
21,56.3984,11,-0.5262,0.1656,0.0413,60.7867,-19.129,160.9671,920,0.468,46.9241,45.51546263,10.00407648,7734,11.4,0,0.5632
21.05,56.8014,11,-0.5504,0.1643,0.0619,59.8163,-19.9036,160.9795,920,0.477,45.42,45.51546641,10.00408504,7242.6665,11.5,0,0.589
21.1,56.7988,11,-0.5748,0.1977,0.0773,58.014,-20.6923,160.9993,920,0.522,43.6869,45.51547072,10.00409301,7012.8335,11.5,0,0.6331
21.15,57.2071,11,-0.5869,0.2401,0.0874,56.6487,-21.0192,161.0041,920,0.54,43.3165,45.51547514,10.00410117,7187,11.5,0,0.6584
21.2,57.8893,11,-0.5909,0.2884,0.094,55.5748,-21.0384,160.9988,920,0.54,43.7932,45.51547963,10.00410945,7234.5,11.4167,0,0.6727
21.25,58.6118,11,-0.5934,0.328,0.0954,54.5968,-20.9899,160.9918,920,0.54,44.4421,45.51548415,10.00411781,7408.6665,11.4667,0,0.6822
21.3,59.4953,11,-0.5901,0.3321,0.0763,54.0025,-20.671,160.9781,920,0.54,45.808,45.51548876,10.00412646,7582,11.5,0,0.6614
21.35,59.972,11,-0.5684,0.3266,0.075,53.2003,-19.7352,160.9708,920,0.522,48.3646,45.51549358,10.00413484,7827.6665,11.4667,0,0.6413
21.4,60.1776,11,-0.5346,0.3147,0.0857,52.2597,-18.3881,160.9677,920,0.492,52.0856,45.51549853,10.00414304,8180,11.4167,0,0.622
21.45,60.4559,11,-0.5082,0.3034,0.095,51.336,-17.3033,160.9695,920,0.468,55.6071,45.51550352,10.00415125,8395,11.5,0,0.606
21.5,61.025,11,-0.5117,0.2948,0.0992,50.4806,-17.2673,160.9907,920,0.468,56.2476,45.51550868,10.0041595,8602.5,11.5,0,0.6015
21.55,61.594,11,-0.5152,0.2861,0.1033,49.6252,-17.2313,161.0119,920,0.468,56.8907,45.51551384,10.00416775,8728.667,11.5,0,0.5973
21.6,62.386,12,-0.5433,0.28,0.1133,48.5704,-18.0115,161.0374,920,0.468,55.126,45.51551929,10.00417595,8747.5,11.5,0,0.6054
21.65,63.0947,12,-0.5752,0.2761,0.1265,47.5212,-18.9155,161.0646,920,0.468,53.0877,45.51552486,10.00418408,8498.6035,11.5,0,0.6212
21.7,63.2471,12,-0.5973,0.2786,0.1468,46.6941,-19.4982,161.0948,920,0.468,51.6258,45.51553052,10.00419203,8028.7002,11.5,0,0.6474
21.75,63.3996,12,-0.6194,0.2811,0.167,45.867,-20.0808,161.1251,920,0.468,50.2487,45.51553618,10.00419998,8133.7002,11.5,0,0.6736
21.8,63.9217,12,-0.6197,0.2882,0.1906,44.7039,-19.9515,161.1659,920,0.486,50.9909,45.51554226,10.00420766,8077.3335,11.5,0,0.6735
21.85,64.507,12,-0.6107,0.2928,0.2124,43.5325,-19.5194,161.2034,920,0.504,52.5968,45.51554846,10.00421526,8025.4668,11.5,0,0.6639
21.9,64.9752,12,-0.586,0.2824,0.224,42.6632,-18.5881,161.2174,920,0.504,55.6329,45.51555475,10.00422275,8046.2998,11.5,0,0.6415
21.95,65.4435,12,-0.5613,0.272,0.2357,41.794,-17.6568,161.2315,920,0.504,58.9893,45.51556104,10.00423024,8223.2334,11.5,0,0.6191
22,66.1192,11,-0.5486,0.2623,0.2374,41.1848,-17.133,161.2404,920,0.522,61.4208,45.51556764,10.00423782,8583.0498,11.5,0,0.6086
22.05,66.7059,10,-0.5407,0.2511,0.2461,40.5732,-16.7703,161.2534,920,0.54,63.3058,45.51557432,10.00424532,8890.5498,11.5,0,0.6028
22.1,66.7284,10,-0.5403,0.233,0.2929,39.6923,-16.6449,161.2874,920,0.54,63.8042,45.51558101,10.00425242,9201.9668,11.5,0,0.6043
22.15,66.7509,10,-0.5398,0.2148,0.3396,38.8115,-16.5195,161.3215,920,0.54,64.3101,45.51558771,10.00425952,9515.4834,11.5,0,0.606
22.2,67.2236,10,-0.5369,0.1861,0.3553,37.7343,-16.3375,161.3531,920,0.54,65.4872,45.51559486,10.00426636,9843.1504,11.5,0,0.5855
22.25,67.7014,11,-0.5313,0.1521,0.3634,36.7001,-16.0812,161.3802,920,0.534,67.004,45.51560208,10.0042731,10158.7998,11.5,0,0.5605
22.3,67.7502,11,-0.5169,0.1069,0.3723,36.034,-15.5845,161.3917,920,0.504,69.1891,45.51560914,10.00427971,10390.0664,11.5,0,0.5312
22.35,67.7989,11,-0.5026,0.0617,0.3813,35.3679,-15.0878,161.4032,920,0.474,71.5181,45.5156162,10.00428632,10383.4004,11.5,0,0.5041
22.4,67.687,11,-0.4919,0.0133,0.3835,34.8035,-14.7387,161.4043,920,0.468,73.0914,45.51562336,10.00429283,10195.7832,11.5,0,0.487
22.45,67.5348,11,-0.4821,-0.0359,0.384,34.2646,-14.4264,161.4028,920,0.468,74.5058,45.51563055,10.00429931,9841.2168,11.5,0,0.4784
22.5,67.3204,10,-0.4839,-0.0799,0.3897,33.6304,-14.4791,161.4038,920,0.468,73.9988,45.51563776,10.00430557,9378.7139,11.5,0,0.4859
22.55,67.0126,10,-0.5033,-0.1161,0.4029,32.8534,-15.0794,161.4087,920,0.468,70.7282,45.51564502,10.00431149,8898.667,11.5467,0,0.511
22.6,66.6767,10,-0.5367,-0.0991,0.3932,31.8015,-16.1361,161.4016,920,0.468,65.765,45.51565236,10.00431691,8557.0664,11.7,0,0.538
22.65,66.3338,10,-0.5736,-0.0688,0.3779,30.6809,-17.307,161.3915,920,0.468,61.0005,45.51565973,10.0043222,8982.9004,11.7,0,0.5672
22.7,66.3574,12,-0.5971,-0.0264,0.3705,29.6667,-18.0625,161.3885,920,0.477,58.4699,45.51566724,10.00432748,9320.71,11.629,0,0.5949
22.75,66.9307,12,-0.6004,0.0341,0.3751,28.812,-18.1948,161.3961,920,0.4995,58.546,45.51567495,10.00433274,9718.5332,11.6,0,0.622
22.8,67.2799,12,-0.6007,0.0902,0.3968,28.0039,-18.1967,161.4239,920,0.504,58.8454,45.51568268,10.00433789,10108.833,11.6367,0,0.6084
22.85,67.573,12,-0.6002,0.1452,0.4228,27.2075,-18.1659,161.4567,920,0.504,59.2019,45.5156904,10.00434302,10429.7998,11.7,0,0.5887
22.9,67.8701,11,-0.6079,0.1872,0.4461,26.4311,-18.357,161.4887,920,0.504,58.8435,45.51569822,10.00434805,10714.333,11.7,0,0.5927
22.95,68.1733,11,-0.628,0.2097,0.4653,25.6847,-18.8806,161.5195,920,0.504,57.467,45.51570618,10.00435294,10747.667,11.7,0,0.6277
23,68.4765,11,-0.6481,0.2323,0.4845,24.9384,-19.4043,161.5502,920,0.504,56.1647,45.51571413,10.00435784,10848.9004,11.7,0,0.6628
23.05,68.8971,11,-0.6722,0.2317,0.4704,23.379,-20.0102,161.5486,920,0.504,54.7985,45.51572249,10.00436169,10853.7334,11.7,0,0.6897
23.1,69.3158,11,-0.6815,0.2374,0.4601,22.0754,-20.1815,161.5553,918.3334,0.504,54.6638,45.51573089,10.00436559,10785.7002,11.7,0,0.7075
23.15,69.7319,11,-0.669,0.2526,0.4556,21.1558,-19.7007,161.5741,914.1667,0.504,56.334,45.51573933,10.00436957,10728.4004,11.7,0,0.712
23.2,70.148,11,-0.6564,0.2677,0.451,20.2361,-19.2198,161.593,910,0.504,58.0878,45.51574777,10.00437354,10747.667,11.7,0,0.7178
23.25,70.7212,12,-0.577,0.3341,0.4654,19.6586,-16.8119,161.6475,910,0.504,66.9504,45.51575626,10.00437765,10689.333,11.7,0,0.6916
23.3,71.4486,12,-0.4893,0.3835,0.4819,19.1213,-14.1777,161.7003,910,0.51,80.2061,45.51576489,10.00438178,10613.5,11.7,0,0.653
23.35,72.4073,12,-0.3888,0.4073,0.5017,18.6441,-11.2042,161.7507,910,0.525,102.8537,45.51577374,10.00438594,10476.2002,11.7,0,0.5955
23.4,73.3659,12,-0.2884,0.4311,0.5214,18.167,-8.2307,161.8011,910,0.54,141.8651,45.51578258,10.0043901,10345.0664,11.7,0,0.5528
23.45,74.3081,11,-0.1978,0.4026,0.5049,18.0458,-5.5924,161.8118,910,0.54,211.4754,45.51579155,10.00439429,10112.5996,11.7,0,0.4635
23.5,74.9131,10,-0.1275,0.3543,0.4995,17.9762,-3.5594,161.8381,910,0.54,334.9663,45.51580048,10.00439855,9431.7334,11.7,0,0.3785
23.55,75.0121,10,-0.0877,0.2762,0.5109,17.9838,-2.4345,161.8876,910,0.54,490.3924,45.51580933,10.00440293,9450.0664,11.7,0,0.2861
23.6,75.1111,10,-0.0479,0.1981,0.5222,17.9913,-1.3096,161.9372,910,0.54,912.836,45.51581819,10.0044073,9240.2002,11.77,0,0.194
23.65,75.0898,12,-0.0231,0.0857,0.5562,17.9727,-0.6312,162.0024,910,0.5625,1893.2371,45.5158269,10.0044116,9139.0332,11.8525,0,0.0905
23.7,74.942,12,0.0084,-0.0073,0.5829,17.9569,0.2237,162.0524,910,0.57,5330.9146,45.5158356,10.00441587,9121.25,11.865,0,0.0353
23.75,74.6042,12,0.0499,-0.0711,0.5987,17.9456,1.3437,162.0796,910,0.555,883.6556,45.51584429,10.00442009,9098.4004,11.8183,0,0.0863
23.8,74.2664,12,0.0913,-0.135,0.6144,17.9343,2.4636,162.1069,910,0.54,479.7709,45.51585297,10.00442431,9068.6836,11.8983,0,0.1627
23.85,74.1066,12,0.1506,-0.121,0.6265,18.3858,4.0824,162.1389,910,0.54,288.9086,45.51586151,10.00442887,9052.8496,11.815,0,0.2006
23.9,73.9953,12,0.2158,-0.0923,0.6377,18.836,5.8679,162.1718,910,0.57,200.6957,45.51587005,10.00443346,9020.6162,11.8683,0,0.2353
23.95,73.9569,12,0.2901,-0.0417,0.6476,19.284,7.9037,162.2059,910,0.645,148.9261,45.51587862,10.00443808,9087.5996,11.8483,0,0.2833
24,73.9185,12,0.3643,0.009,0.6574,19.7321,9.9394,162.24,910,0.72,118.3626,45.51588719,10.0044427,9160.2002,11.835,0,0.3614
24.05,74.3439,11,0.4359,0.049,0.6451,20.528,11.8907,162.2501,905.8333,0.69,99.5077,45.51589582,10.00444791,9171.1338,11.9,0,0.4437
24.1,74.7693,11,0.5076,0.089,0.6327,21.3239,13.8421,162.2602,901.6666,0.66,85.9689,45.51590445,10.00445312,9243.4004,11.9,0,0.5274
24.15,74.9367,11,0.5623,0.1211,0.6206,22.1609,15.3175,162.2602,900,0.6345,77.8623,45.51591304,10.00445857,9263.4004,11.9,0,0.5755
24.2,74.9322,11,0.6058,0.1478,0.6087,23.0253,16.4756,162.2533,900,0.612,72.3849,45.51592161,10.00446417,9263.583,11.9,0,0.5994
24.25,75.0428,11,0.5916,0.0824,0.613,23.8307,16.0407,162.2852,900,0.582,74.457,45.51592993,10.00447011,9249.083,11.9,0,0.5883
24.3,75.1533,11,0.5775,0.0171,0.6174,24.6361,15.6058,162.3172,900,0.552,76.6446,45.51593825,10.00447604,9215.2998,11.97,0,0.5817
24.35,74.8949,13,0.5604,-0.0556,0.6453,25.3504,15.1258,162.3641,900,0.54,78.805,45.51594642,10.00448215,9146.4004,12.1,0,0.5708
24.4,74.3904,13,0.5414,-0.1331,0.689,26.0038,14.6157,162.4211,900,0.54,81.0063,45.51595448,10.00448838,9017.4336,12.1,0,0.563
24.45,73.7581,12,0.5271,-0.1936,0.7092,26.6137,14.2739,162.4522,900,0.525,82.2406,45.51596228,10.00449454,8939.0996,12.1,0,0.5654
24.5,73.1257,12,0.5128,-0.254,0.7295,27.2237,13.9322,162.4833,900,0.51,83.5354,45.51597007,10.00450071,8886.7334,12.1,0,0.575
24.55,72.6117,12,0.5025,-0.3009,0.7434,27.9605,13.7202,162.5099,900,0.504,84.2297,45.51597783,10.00450705,8848.333,12.1,0,0.5843
24.6,72.1767,12,0.4948,-0.3388,0.7532,28.7819,13.5948,162.5335,900,0.504,84.4975,45.51598556,10.00451351,8805.5498,12.1,0,0.5916
24.65,71.5085,12,0.4964,-0.3515,0.7682,29.4884,13.7562,162.5664,900,0.489,82.7328,45.51599285,10.00452018,8734.5,12.1,0,0.6034
24.7,70.8403,12,0.498,-0.3641,0.7832,30.1949,13.9177,162.5993,900,0.474,81.009,45.51600015,10.00452685,8609.5,12.1,0,0.6153
24.75,70.1711,13,0.5092,-0.3599,0.7963,30.8533,14.3633,162.6392,900,0.468,77.754,45.5160073,10.0045336,8584.9502,12.1,0,0.6258
24.8,69.5011,13,0.5268,-0.3443,0.8082,31.4798,14.9984,162.6838,900,0.468,73.7506,45.51601435,10.00454039,8510.4502,12.165,0,0.6356
24.85,68.8764,13,0.5537,-0.3421,0.8293,32.3804,15.9184,162.732,900,0.453,68.8637,45.51602108,10.00454742,8455.5996,12.2,0,0.6549
24.9,68.2517,13,0.5807,-0.3398,0.8503,33.2811,16.8384,162.7802,900,0.438,64.5107,45.51602781,10.00455445,8418.3164,12.2317,0,0.6747
24.95,67.7083,13,0.6208,-0.3347,0.8741,34.2584,18.1743,162.8338,900,0.432,59.2932,45.51603436,10.00456167,8356.4004,12.3,0,0.7057
25,67.2191,13,0.6696,-0.3277,0.8998,35.2868,19.7874,162.8909,900,0.432,54.066,45.51604079,10.00456901,8236.4004,12.3,0,0.7443
25.05,66.6708,13,0.7164,-0.3199,0.9233,36.3643,21.3455,162.9473,898.75,0.432,49.7106,45.51604714,10.00457643,8206.2334,12.3,0,0.7842
25.1,65.8865,13,0.7547,-0.3089,0.9382,37.6383,22.684,163.0007,892.5,0.432,46.2272,45.51605315,10.00458417,8142.1499,12.3,0,0.8275
